date,venue,race_no,race_id,candidate_rank,buy,trifecta_prob_approx,trifecta_odds,stake_yen,trifecta_return_yen,trifecta_profit_yen,loss_amount_yen,expected_profit_yen
2026-06-29,伊東,1,013720260629,1,1-2-3,0.03932526298769621,3.8,100,380,280,100,-85
2026-06-29,伊東,1,013720260629,2,1-2-4,0.03932526298769621,7.5,100,750,650,100,-71
2026-06-29,伊東,1,013720260629,3,1-2-5,0.03932526298769621,20.0,100,2000,1900,100,-21
2026-06-29,伊東,1,013720260629,4,1-2-6,0.03932526298769621,77.0,100,7700,7600,100,203
2026-06-29,伊東,1,013720260629,5,2-1-3,0.03932526298769621,6.7,100,670,570,100,-74
2026-06-29,伊東,1,013720260629,6,2-1-4,0.03932526298769621,7.5,100,750,650,100,-71
2026-06-29,伊東,1,013720260629,7,2-1-5,0.03932526298769621,21.7,100,2170,2070,100,-15
2026-06-29,伊東,1,013720260629,8,2-1-6,0.03932526298769621,75.8,100,7580,7480,100,198
2026-06-29,伊東,2,023720260629,1,6-3-1,0.06548046502332536,3046.7,100,304670,304570,100,19850
2026-06-29,伊東,2,023720260629,2,6-3-2,0.06548046502332536,5390.3,100,539030,538930,100,35196
2026-06-29,伊東,2,023720260629,3,6-3-4,0.06548046502332536,6006.4,100,600640,600540,100,39230
2026-06-29,伊東,2,023720260629,4,6-3-5,0.06548046502332536,7508.0,100,750800,750700,100,49063
2026-06-29,伊東,2,023720260629,5,6-1-3,0.038879671006601016,1766.5,100,176650,176550,100,6768
2026-06-29,伊東,2,023720260629,6,6-2-3,0.038879671006601016,3091.5,100,309150,309050,100,11920
2026-06-29,伊東,2,023720260629,7,6-4-3,0.038879671006601016,7786.0,100,778600,778500,100,30172
2026-06-29,伊東,2,023720260629,8,6-5-3,0.038879671006601016,6006.4,100,600640,600540,100,23253
2026-06-29,伊東,3,033720260629,1,4-2-3,0.04100440693036911,288.1,100,28810,28710,100,1081
2026-06-29,伊東,3,033720260629,2,4-2-6,0.04100440693036911,809.0,100,80900,80800,100,3217
2026-06-29,伊東,3,033720260629,3,4-3-2,0.04100440693036911,149.8,100,14980,14880,100,514
2026-06-29,伊東,3,033720260629,4,4-3-6,0.04100440693036911,441.3,100,44130,44030,100,1710
2026-06-29,伊東,3,033720260629,5,4-6-2,0.04100440693036911,1820.4,100,182040,181940,100,7364
2026-06-29,伊東,3,033720260629,6,4-6-3,0.04100440693036911,1797.9,100,179790,179690,100,7272
2026-06-29,伊東,3,033720260629,7,2-4-3,0.027093970081574173,212.9,100,21290,21190,100,477
2026-06-29,伊東,3,033720260629,8,2-4-6,0.027093970081574173,457.9,100,45790,45690,100,1141
2026-06-29,伊東,4,043720260629,1,2-3-4,0.042981285475445476,320.4,100,32040,31940,100,1277
2026-06-29,伊東,4,043720260629,2,2-4-3,0.042981285475445476,337.5,100,33750,33650,100,1351
2026-06-29,伊東,4,043720260629,3,3-2-4,0.040923272676998426,242.1,100,24210,24110,100,891
2026-06-29,伊東,4,043720260629,4,4-2-3,0.040923272676998426,321.1,100,32110,32010,100,1214
2026-06-29,伊東,4,043720260629,5,3-4-2,0.03808308640479958,119.6,100,11960,11860,100,355
2026-06-29,伊東,4,043720260629,6,4-3-2,0.03808308640479958,156.7,100,15670,15570,100,497
2026-06-29,伊東,4,043720260629,7,2-3-1,0.011502378101667512,190.5,100,19050,18950,100,119
2026-06-29,伊東,4,043720260629,8,2-3-5,0.011502378101667512,379.2,100,37920,37820,100,336
2026-06-29,伊東,5,053720260629,1,1-7-3,0.10343840891614331,221.4,100,22140,22040,100,2190
2026-06-29,伊東,5,053720260629,2,7-1-3,0.0931559402876253,121.5,100,12150,12050,100,1032
2026-06-29,伊東,5,053720260629,3,1-3-7,0.060780385727715255,154.7,100,15470,15370,100,840
2026-06-29,伊東,5,053720260629,4,7-3-1,0.04794444480511259,168.4,100,16840,16740,100,707
2026-06-29,伊東,5,053720260629,5,3-1-7,0.04245589103435046,174.7,100,17470,17370,100,642
2026-06-29,伊東,5,053720260629,6,3-7-1,0.037186395139682756,298.2,100,29820,29720,100,1009
2026-06-29,伊東,5,053720260629,7,1-7-2,0.0276815287497179,178.3,100,17830,17730,100,394
2026-06-29,伊東,5,053720260629,8,1-7-4,0.0276815287497179,237.9,100,23790,23690,100,559
2026-06-29,伊東,6,063720260629,1,1-2-3,0.020146520146520144,19.3,100,1930,1830,100,-61
2026-06-29,伊東,6,063720260629,2,1-2-4,0.020146520146520144,43.4,100,4340,4240,100,-13
2026-06-29,伊東,6,063720260629,3,1-2-5,0.020146520146520144,15.3,100,1530,1430,100,-69
2026-06-29,伊東,6,063720260629,4,1-2-6,0.020146520146520144,2.4,100,240,140,100,-95
2026-06-29,伊東,6,063720260629,5,1-2-7,0.020146520146520144,28.8,100,2880,2780,100,-42
2026-06-29,伊東,6,063720260629,6,1-3-2,0.020146520146520144,93.8,100,9380,9280,100,89
2026-06-29,伊東,6,063720260629,7,1-3-4,0.020146520146520144,280.5,100,28050,27950,100,465
2026-06-29,伊東,6,063720260629,8,1-3-5,0.020146520146520144,70.9,100,7090,6990,100,43
2026-06-29,伊東,7,073720260629,1,1-3-2,0.04379744947638292,24.2,100,2420,2320,100,6
2026-06-29,伊東,7,073720260629,2,1-3-4,0.04379744947638292,20.7,100,2070,1970,100,-9
2026-06-29,伊東,7,073720260629,3,1-3-5,0.04379744947638292,58.4,100,5840,5740,100,156
2026-06-29,伊東,7,073720260629,4,1-3-6,0.04379744947638292,100.3,100,10030,9930,100,339
2026-06-29,伊東,7,073720260629,5,1-3-7,0.04379744947638292,312.2,100,31220,31120,100,1267
2026-06-29,伊東,7,073720260629,6,1-2-3,0.02830488296292036,10.8,100,1080,980,100,-69
2026-06-29,伊東,7,073720260629,7,1-4-3,0.02830488296292036,51.7,100,5170,5070,100,46
2026-06-29,伊東,7,073720260629,8,1-5-3,0.02830488296292036,175.7,100,17570,17470,100,397
2026-06-29,佐世保,1,018520260629,1,5-2-1,0.04773710742842729,147.4,100,14740,14640,100,604
2026-06-29,佐世保,1,018520260629,2,5-2-3,0.04773710742842729,113.7,100,11370,11270,100,443
2026-06-29,佐世保,1,018520260629,3,5-2-4,0.04773710742842729,151.5,100,15150,15050,100,623
2026-06-29,佐世保,1,018520260629,4,5-2-6,0.04773710742842729,279.1,100,27910,27810,100,1232
2026-06-29,佐世保,1,018520260629,5,5-2-7,0.04773710742842729,446.2,100,44620,44520,100,2030
2026-06-29,佐世保,1,018520260629,6,5-1-2,0.03085095718823992,167.7,100,16770,16670,100,417
2026-06-29,佐世保,1,018520260629,7,5-3-2,0.03085095718823992,81.5,100,8150,8050,100,151
2026-06-29,佐世保,1,018520260629,8,5-4-2,0.03085095718823992,106.9,100,10690,10590,100,230
2026-06-29,佐世保,2,028520260629,1,7-1-2,0.01279255705771188,130.0,100,13000,12900,100,66
2026-06-29,佐世保,2,028520260629,2,7-1-3,0.01279255705771188,480.4,100,48040,47940,100,515
2026-06-29,佐世保,2,028520260629,3,7-1-4,0.01279255705771188,353.5,100,35350,35250,100,352
2026-06-29,佐世保,2,028520260629,4,7-1-5,0.01279255705771188,330.0,100,33000,32900,100,322
2026-06-29,佐世保,2,028520260629,5,7-1-6,0.01279255705771188,596.1,100,59610,59510,100,663
2026-06-29,佐世保,2,028520260629,6,7-2-1,0.01279255705771188,86.3,100,8630,8530,100,10
2026-06-29,佐世保,2,028520260629,7,7-2-3,0.01279255705771188,134.0,100,13400,13300,100,71
2026-06-29,佐世保,2,028520260629,8,7-2-4,0.01279255705771188,110.7,100,11070,10970,100,42
2026-06-29,佐世保,3,038520260629,1,2-1-4,0.13058081114071404,43.4,100,4340,4240,100,467
2026-06-29,佐世保,3,038520260629,2,1-2-4,0.08993698885296643,27.4,100,2740,2640,100,146
2026-06-29,佐世保,3,038520260629,3,2-4-1,0.07672925514742593,110.1,100,11010,10910,100,745
2026-06-29,佐世保,3,038520260629,4,4-2-1,0.04327290294903148,201.6,100,20160,20060,100,772
2026-06-29,佐世保,3,038520260629,5,2-1-3,0.034945205708679726,22.3,100,2230,2130,100,-22
2026-06-29,佐世保,3,038520260629,6,2-1-5,0.034945205708679726,65.1,100,6510,6410,100,127
2026-06-29,佐世保,3,038520260629,7,2-1-6,0.034945205708679726,45.3,100,4530,4430,100,58
2026-06-29,佐世保,3,038520260629,8,2-1-7,0.034945205708679726,202.9,100,20290,20190,100,609
2026-06-29,佐世保,4,048520260629,1,1-4-3,0.12280961815087141,75.3,100,7530,7430,100,825
2026-06-29,佐世保,4,048520260629,2,4-1-3,0.09161394614069866,306.4,100,30640,30540,100,2707
2026-06-29,佐世保,4,048520260629,3,1-3-4,0.07216290390095548,35.3,100,3530,3430,100,155
2026-06-29,佐世保,4,048520260629,4,3-1-4,0.0434259610249805,73.4,100,7340,7240,100,219
2026-06-29,佐世保,4,048520260629,5,4-3-1,0.037457689233237786,523.8,100,52380,52280,100,1862
2026-06-29,佐世保,4,048520260629,6,1-4-2,0.03286552849378434,84.0,100,8400,8300,100,176
2026-06-29,佐世保,4,048520260629,7,1-4-5,0.03286552849378434,119.3,100,11930,11830,100,292
2026-06-29,佐世保,4,048520260629,8,1-4-6,0.03286552849378434,39.6,100,3960,3860,100,30
2026-06-29,佐世保,5,058520260629,1,2-1-3,0.10343840891614331,24.0,100,2400,2300,100,148
2026-06-29,佐世保,5,058520260629,2,1-2-3,0.0931559402876253,14.7,100,1470,1370,100,37
2026-06-29,佐世保,5,058520260629,3,2-3-1,0.060780385727715255,12.2,100,1220,1120,100,-26
2026-06-29,佐世保,5,058520260629,4,1-3-2,0.04794444480511259,17.3,100,1730,1630,100,-17
2026-06-29,佐世保,5,058520260629,5,3-2-1,0.04245589103435046,14.2,100,1420,1320,100,-40
2026-06-29,佐世保,5,058520260629,6,3-1-2,0.037186395139682756,20.6,100,2060,1960,100,-23
2026-06-29,佐世保,5,058520260629,7,2-1-4,0.0276815287497179,96.3,100,9630,9530,100,167
2026-06-29,佐世保,5,058520260629,8,2-1-5,0.0276815287497179,102.5,100,10250,10150,100,184
2026-06-29,佐世保,6,068520260629,1,2-1-3,0.04904742632572289,72.9,100,7290,7190,100,258
2026-06-29,佐世保,6,068520260629,2,2-1-5,0.04904742632572289,59.5,100,5950,5850,100,192
2026-06-29,佐世保,6,068520260629,3,2-1-6,0.04904742632572289,223.2,100,22320,22220,100,995
2026-06-29,佐世保,6,068520260629,4,1-2-3,0.042265416005591354,31.5,100,3150,3050,100,33
2026-06-29,佐世保,6,068520260629,5,1-2-5,0.042265416005591354,32.8,100,3280,3180,100,39
2026-06-29,佐世保,6,068520260629,6,1-2-6,0.042265416005591354,89.8,100,8980,8880,100,280
2026-06-29,佐世保,6,068520260629,7,2-3-1,0.03159703238418598,115.3,100,11530,11430,100,264
2026-06-29,佐世保,6,068520260629,8,2-5-1,0.03159703238418598,40.8,100,4080,3980,100,29
2026-06-29,佐世保,7,078520260629,1,2-6-1,0.1781718680272385,12.1,100,1210,1110,100,116
2026-06-29,佐世保,7,078520260629,2,2-1-6,0.15448178887499373,2.8,100,280,180,100,-57
2026-06-29,佐世保,7,078520260629,3,6-2-1,0.11771285924442136,49.5,100,4950,4850,100,483
2026-06-29,佐世保,7,078520260629,4,1-2-6,0.09691217637855837,6.1,100,610,510,100,-41
2026-06-29,佐世保,7,078520260629,5,6-1-2,0.05519429749855306,82.9,100,8290,8190,100,358
2026-06-29,佐世保,7,078520260629,6,1-6-2,0.05240955732555274,55.8,100,5580,5480,100,192
2026-06-29,佐世保,7,078520260629,7,2-6-3,0.019436931057516926,57.9,100,5790,5690,100,13
2026-06-29,佐世保,7,078520260629,8,2-6-4,0.019436931057516926,88.4,100,8840,8740,100,72
2026-06-29,取手,1,012320260629,1,1-3-4,0.016664752000129422,255.1,100,25510,25410,100,325
2026-06-29,取手,1,012320260629,2,1-3-6,0.016664752000129422,491.3,100,49130,49030,100,719
2026-06-29,取手,1,012320260629,3,1-3-7,0.016664752000129422,120.5,100,12050,11950,100,101
2026-06-29,取手,1,012320260629,4,1-4-3,0.016664752000129422,523.1,100,52310,52210,100,772
2026-06-29,取手,1,012320260629,5,1-4-6,0.016664752000129422,1834.1,100,183410,183310,100,2956
2026-06-29,取手,1,012320260629,6,1-4-7,0.016664752000129422,799.0,100,79900,79800,100,1232
2026-06-29,取手,1,012320260629,7,1-6-3,0.016664752000129422,1286.0,100,128600,128500,100,2043
2026-06-29,取手,1,012320260629,8,1-6-4,0.016664752000129422,2759.0,100,275900,275800,100,4498
2026-06-29,取手,2,022320260629,1,2-3-4,0.016664752000129422,70.0,100,7000,6900,100,17
2026-06-29,取手,2,022320260629,2,2-3-6,0.016664752000129422,93.1,100,9310,9210,100,55
2026-06-29,取手,2,022320260629,3,2-3-7,0.016664752000129422,68.8,100,6880,6780,100,15
2026-06-29,取手,2,022320260629,4,2-4-3,0.016664752000129422,51.3,100,5130,5030,100,-15
2026-06-29,取手,2,022320260629,5,2-4-6,0.016664752000129422,102.3,100,10230,10130,100,70
2026-06-29,取手,2,022320260629,6,2-4-7,0.016664752000129422,14.5,100,1450,1350,100,-76
2026-06-29,取手,2,022320260629,7,2-6-3,0.016664752000129422,77.1,100,7710,7610,100,28
2026-06-29,取手,2,022320260629,8,2-6-4,0.016664752000129422,179.9,100,17990,17890,100,200
2026-06-29,取手,3,032320260629,1,1-3-4,0.06595803994291981,872.7,100,87270,87170,100,5656
2026-06-29,取手,3,032320260629,2,1-3-5,0.06595803994291981,478.2,100,47820,47720,100,3054
2026-06-29,取手,3,032320260629,3,1-3-7,0.06595803994291981,1307.3,100,130730,130630,100,8523
2026-06-29,取手,3,032320260629,4,3-1-4,0.06595803994291981,1001.1,100,100110,100010,100,6503
2026-06-29,取手,3,032320260629,5,3-1-5,0.06595803994291981,391.2,100,39120,39020,100,2480
2026-06-29,取手,3,032320260629,6,3-1-7,0.06595803994291981,874.9,100,87490,87390,100,5671
2026-06-29,取手,3,032320260629,7,1-4-3,0.03449369754792919,835.5,100,83550,83450,100,2782
2026-06-29,取手,3,032320260629,8,1-5-3,0.03449369754792919,169.4,100,16940,16840,100,484
2026-06-29,取手,4,042320260629,1,2-1-4,0.03363664912541791,910.0,100,91000,90900,100,2961
2026-06-29,取手,4,042320260629,2,2-1-5,0.03363664912541791,1072.3,100,107230,107130,100,3507
2026-06-29,取手,4,042320260629,3,2-4-1,0.03363664912541791,723.4,100,72340,72240,100,2333
2026-06-29,取手,4,042320260629,4,2-4-5,0.03363664912541791,911.7,100,91170,91070,100,2967
2026-06-29,取手,4,042320260629,5,2-5-1,0.03363664912541791,708.6,100,70860,70760,100,2283
2026-06-29,取手,4,042320260629,6,2-5-4,0.03363664912541791,812.7,100,81270,81170,100,2634
2026-06-29,取手,4,042320260629,7,1-2-4,0.02273272578961713,1060.6,100,106060,105960,100,2311
2026-06-29,取手,4,042320260629,8,1-2-5,0.02273272578961713,1383.1,100,138310,138210,100,3044
2026-06-29,取手,5,052320260629,1,1-2-3,0.009435121410124599,130.0,100,13000,12900,100,23
2026-06-29,取手,5,052320260629,2,1-2-5,0.009435121410124599,151.5,100,15150,15050,100,43
2026-06-29,取手,5,052320260629,3,1-2-8,0.009435121410124599,191.9,100,19190,19090,100,81
2026-06-29,取手,5,052320260629,4,1-3-2,0.009435121410124599,140.7,100,14070,13970,100,33
2026-06-29,取手,5,052320260629,5,1-3-5,0.009435121410124599,150.7,100,15070,14970,100,42
2026-06-29,取手,5,052320260629,6,1-3-8,0.009435121410124599,427.9,100,42790,42690,100,304
2026-06-29,取手,5,052320260629,7,1-5-2,0.009435121410124599,156.2,100,15620,15520,100,47
2026-06-29,取手,5,052320260629,8,1-5-3,0.009435121410124599,144.1,100,14410,14310,100,36
2026-06-29,取手,6,062320260629,1,1-5-2,0.020110439343434903,710.6,100,71060,70960,100,1329
2026-06-29,取手,6,062320260629,2,1-5-3,0.020110439343434903,850.9,100,85090,84990,100,1611
2026-06-29,取手,6,062320260629,3,1-5-4,0.020110439343434903,1135.3,100,113530,113430,100,2183
2026-06-29,取手,6,062320260629,4,1-5-8,0.020110439343434903,472.0,100,47200,47100,100,849
2026-06-29,取手,6,062320260629,5,5-1-2,0.020110439343434903,1011.9,100,101190,101090,100,1935
2026-06-29,取手,6,062320260629,6,5-1-3,0.020110439343434903,1087.5,100,108750,108650,100,2087
2026-06-29,取手,6,062320260629,7,5-1-4,0.020110439343434903,1562.0,100,156200,156100,100,3041
2026-06-29,取手,6,062320260629,8,5-1-8,0.020110439343434903,623.9,100,62390,62290,100,1155
2026-06-29,取手,7,072320260629,1,9-1-4,0.03660649664652367,655.0,100,65500,65400,100,2298
2026-06-29,取手,7,072320260629,2,9-1-5,0.03660649664652367,557.7,100,55770,55670,100,1942
2026-06-29,取手,7,072320260629,3,9-4-1,0.03485372961521207,959.2,100,95920,95820,100,3243
2026-06-29,取手,7,072320260629,4,9-5-1,0.03485372961521207,777.1,100,77710,77610,100,2608
2026-06-29,取手,7,072320260629,5,9-4-5,0.0301917657813302,1222.6,100,122260,122160,100,3591
2026-06-29,取手,7,072320260629,6,9-5-4,0.0301917657813302,1332.8,100,133280,133180,100,3924
2026-06-29,取手,7,072320260629,7,1-9-4,0.02567833976287985,603.2,100,60320,60220,100,1449
2026-06-29,取手,7,072320260629,8,1-9-5,0.02567833976287985,666.4,100,66640,66540,100,1611
2026-06-29,取手,8,082320260629,1,3-1-2,0.024944914353709987,897.9,100,89790,89690,100,2140
2026-06-29,取手,8,082320260629,2,3-1-7,0.024944914353709987,363.3,100,36330,36230,100,806
2026-06-29,取手,8,082320260629,3,3-2-1,0.024944914353709987,567.1,100,56710,56610,100,1315
2026-06-29,取手,8,082320260629,4,3-2-7,0.024944914353709987,129.6,100,12960,12860,100,223
2026-06-29,取手,8,082320260629,5,3-7-1,0.024944914353709987,87.8,100,8780,8680,100,119
2026-06-29,取手,8,082320260629,6,3-7-2,0.024944914353709987,43.4,100,4340,4240,100,8
2026-06-29,取手,8,082320260629,7,1-3-2,0.018685741583573782,2009.7,100,200970,200870,100,3655
2026-06-29,取手,8,082320260629,8,1-3-7,0.018685741583573782,937.8,100,93780,93680,100,1652
2026-06-29,取手,9,092320260629,1,3-1-2,0.043795070804889126,281.8,100,28180,28080,100,1134
2026-06-29,取手,9,092320260629,2,3-1-4,0.043795070804889126,745.4,100,74540,74440,100,3164
2026-06-29,取手,9,092320260629,3,3-1-5,0.043795070804889126,77.2,100,7720,7620,100,238
2026-06-29,取手,9,092320260629,4,3-1-7,0.043795070804889126,244.4,100,24440,24340,100,970
2026-06-29,取手,9,092320260629,5,3-1-8,0.043795070804889126,278.0,100,27800,27700,100,1118
2026-06-29,取手,9,092320260629,6,3-2-1,0.028303639378045243,308.1,100,30810,30710,100,772
2026-06-29,取手,9,092320260629,7,3-4-1,0.028303639378045243,1265.8,100,126580,126480,100,3483
2026-06-29,取手,9,092320260629,8,3-5-1,0.028303639378045243,72.3,100,7230,7130,100,105
2026-06-29,取手,10,102320260629,1,4-2-8,0.04309469292204182,6433.5,100,643350,643250,100,27625
2026-06-29,取手,10,102320260629,2,4-8-2,0.04309469292204182,7670.8,100,767080,766980,100,32957
2026-06-29,取手,10,102320260629,3,2-4-8,0.03071588940116554,2865.5,100,286550,286450,100,8702
2026-06-29,取手,10,102320260629,4,8-4-2,0.03071588940116554,3850.2,100,385020,384920,100,11726
2026-06-29,取手,10,102320260629,5,2-8-4,0.019719054916181866,1324.3,100,132430,132330,100,2511
2026-06-29,取手,10,102320260629,6,8-2-4,0.019719054916181866,1462.1,100,146210,146110,100,2783
2026-06-29,取手,10,102320260629,7,4-2-1,0.011532727480841876,3450.5,100,345050,344950,100,3879
2026-06-29,取手,10,102320260629,8,4-2-3,0.011532727480841876,4888.2,100,488820,488720,100,5537
2026-06-29,取手,11,112320260629,1,5-1-2,0.01851027607019524,285.3,100,28530,28430,100,428
2026-06-29,取手,11,112320260629,2,5-1-6,0.01851027607019524,1535.2,100,153520,153420,100,2742
2026-06-29,取手,11,112320260629,3,5-1-9,0.01851027607019524,627.6,100,62760,62660,100,1062
2026-06-29,取手,11,112320260629,4,5-2-1,0.01851027607019524,47.4,100,4740,4640,100,-12
2026-06-29,取手,11,112320260629,5,5-2-6,0.01851027607019524,21.0,100,2100,2000,100,-61
2026-06-29,取手,11,112320260629,6,5-2-9,0.01851027607019524,33.3,100,3330,3230,100,-38
2026-06-29,取手,11,112320260629,7,5-6-1,0.01851027607019524,1750.4,100,175040,174940,100,3140
2026-06-29,取手,11,112320260629,8,5-6-2,0.01851027607019524,295.8,100,29580,29480,100,448
2026-06-29,取手,12,122320260629,1,8-1-4,0.015327765462272302,684.5,100,68450,68350,100,949
2026-06-29,取手,12,122320260629,2,8-1-5,0.015327765462272302,316.4,100,31640,31540,100,385
2026-06-29,取手,12,122320260629,3,1-8-4,0.014457726345093078,281.8,100,28180,28080,100,307
2026-06-29,取手,12,122320260629,4,1-8-5,0.014457726345093078,81.4,100,8140,8040,100,18
2026-06-29,取手,12,122320260629,5,8-1-2,0.013277554795344159,131.5,100,13150,13050,100,75
2026-06-29,取手,12,122320260629,6,8-1-3,0.013277554795344159,860.9,100,86090,85990,100,1043
2026-06-29,取手,12,122320260629,7,8-1-6,0.013277554795344159,437.5,100,43750,43650,100,481
2026-06-29,取手,12,122320260629,8,8-4-1,0.012540837073064208,1987.7,100,198770,198670,100,2393
2026-06-29,岐阜,1,014320260629,1,3-1-2,0.01279255705771188,1053.8,100,105380,105280,100,1248
2026-06-29,岐阜,1,014320260629,2,3-1-4,0.01279255705771188,811.9,100,81190,81090,100,939
2026-06-29,岐阜,1,014320260629,3,3-1-5,0.01279255705771188,513.3,100,51330,51230,100,557
2026-06-29,岐阜,1,014320260629,4,3-1-6,0.01279255705771188,388.2,100,38820,38720,100,397
2026-06-29,岐阜,1,014320260629,5,3-1-7,0.01279255705771188,450.6,100,45060,44960,100,476
2026-06-29,岐阜,1,014320260629,6,3-2-1,0.01279255705771188,1793.0,100,179300,179200,100,2194
2026-06-29,岐阜,1,014320260629,7,3-2-4,0.01279255705771188,2531.3,100,253130,253030,100,3138
2026-06-29,岐阜,1,014320260629,8,3-2-5,0.01279255705771188,2049.1,100,204910,204810,100,2521
2026-06-29,岐阜,2,024320260629,1,1-2-5,0.03320959023576499,119.1,100,11910,11810,100,296
2026-06-29,岐阜,2,024320260629,2,1-2-7,0.03320959023576499,80.1,100,8010,7910,100,166
2026-06-29,岐阜,2,024320260629,3,1-5-2,0.03320959023576499,167.9,100,16790,16690,100,458
2026-06-29,岐阜,2,024320260629,4,1-5-7,0.03320959023576499,101.5,100,10150,10050,100,237
2026-06-29,岐阜,2,024320260629,5,1-7-2,0.03320959023576499,80.1,100,8010,7910,100,166
2026-06-29,岐阜,2,024320260629,6,1-7-5,0.03320959023576499,70.2,100,7020,6920,100,133
2026-06-29,岐阜,2,024320260629,7,2-1-5,0.03320959023576499,103.1,100,10310,10210,100,242
2026-06-29,岐阜,2,024320260629,8,2-1-7,0.03320959023576499,68.1,100,6810,6710,100,126
2026-06-29,岐阜,3,034320260629,1,1-2-7,0.03864459121068977,26.7,100,2670,2570,100,3
2026-06-29,岐阜,3,034320260629,2,1-7-2,0.03864459121068977,36.8,100,3680,3580,100,42
2026-06-29,岐阜,3,034320260629,3,2-1-7,0.03864459121068977,84.6,100,8460,8360,100,227
2026-06-29,岐阜,3,034320260629,4,2-7-1,0.03864459121068977,167.2,100,16720,16620,100,546
2026-06-29,岐阜,3,034320260629,5,7-1-2,0.03864459121068977,159.4,100,15940,15840,100,516
2026-06-29,岐阜,3,034320260629,6,7-2-1,0.03864459121068977,217.4,100,21740,21640,100,740
2026-06-29,岐阜,3,034320260629,7,1-2-3,0.010341819579678911,86.9,100,8690,8590,100,-10
2026-06-29,岐阜,3,034320260629,8,1-2-4,0.010341819579678911,132.3,100,13230,13130,100,37
2026-06-29,岐阜,4,044320260629,1,1-3-2,0.059898789076230356,69.3,100,6930,6830,100,315
2026-06-29,岐阜,4,044320260629,2,1-3-4,0.059898789076230356,40.6,100,4060,3960,100,143
2026-06-29,岐阜,4,044320260629,3,3-1-2,0.05470911626135483,73.0,100,7300,7200,100,299
2026-06-29,岐阜,4,044320260629,4,3-1-4,0.05470911626135483,34.1,100,3410,3310,100,87
2026-06-29,岐阜,4,044320260629,5,1-2-3,0.03944120976622265,65.4,100,6540,6440,100,158
2026-06-29,岐阜,4,044320260629,6,1-4-3,0.03944120976622265,47.6,100,4760,4660,100,88
2026-06-29,岐阜,4,044320260629,7,3-2-1,0.03224649764197858,69.2,100,6920,6820,100,123
2026-06-29,岐阜,4,044320260629,8,3-4-1,0.03224649764197858,15.8,100,1580,1480,100,-49
2026-06-29,岐阜,5,054320260629,1,1-2-7,0.03864459121068977,160.3,100,16030,15930,100,519
2026-06-29,岐阜,5,054320260629,2,1-7-2,0.03864459121068977,73.0,100,7300,7200,100,182
2026-06-29,岐阜,5,054320260629,3,2-1-7,0.03864459121068977,137.4,100,13740,13640,100,431
2026-06-29,岐阜,5,054320260629,4,2-7-1,0.03864459121068977,116.5,100,11650,11550,100,350
2026-06-29,岐阜,5,054320260629,5,7-1-2,0.03864459121068977,39.8,100,3980,3880,100,54
2026-06-29,岐阜,5,054320260629,6,7-2-1,0.03864459121068977,80.8,100,8080,7980,100,212
2026-06-29,岐阜,5,054320260629,7,1-2-3,0.010341819579678911,450.2,100,45020,44920,100,366
2026-06-29,岐阜,5,054320260629,8,1-2-4,0.010341819579678911,280.5,100,28050,27950,100,190
2026-06-29,岐阜,6,064320260629,1,2-3-4,0.011268033980190967,1197.3,100,119730,119630,100,1249
2026-06-29,岐阜,6,064320260629,2,2-3-5,0.011268033980190967,3560.9,100,356090,355990,100,3912
2026-06-29,岐阜,6,064320260629,3,2-3-7,0.011268033980190967,1443.1,100,144310,144210,100,1526
2026-06-29,岐阜,6,064320260629,4,2-4-3,0.011268033980190967,605.2,100,60520,60420,100,582
2026-06-29,岐阜,6,064320260629,5,2-4-5,0.011268033980190967,1054.6,100,105460,105360,100,1088
2026-06-29,岐阜,6,064320260629,6,2-4-7,0.011268033980190967,273.9,100,27390,27290,100,209
2026-06-29,岐阜,6,064320260629,7,2-5-3,0.011268033980190967,7030.6,100,703060,702960,100,7822
2026-06-29,岐阜,6,064320260629,8,2-5-4,0.011268033980190967,3607.8,100,360780,360680,100,3965
2026-06-29,岐阜,7,074320260629,1,2-3-4,0.02220982579515217,558.2,100,55820,55720,100,1140
2026-06-29,岐阜,7,074320260629,2,2-4-3,0.02220982579515217,994.0,100,99400,99300,100,2108
2026-06-29,岐阜,7,074320260629,3,3-2-4,0.02220982579515217,545.4,100,54540,54440,100,1111
2026-06-29,岐阜,7,074320260629,4,3-4-2,0.02220982579515217,777.6,100,77760,77660,100,1627
2026-06-29,岐阜,7,074320260629,5,4-2-3,0.02220982579515217,1472.9,100,147290,147190,100,3171
2026-06-29,岐阜,7,074320260629,6,4-3-2,0.02220982579515217,1156.4,100,115640,115540,100,2468
2026-06-29,岐阜,7,074320260629,7,2-3-1,0.018453752315089667,145.8,100,14580,14480,100,169
2026-06-29,岐阜,7,074320260629,8,2-4-1,0.018453752315089667,853.2,100,85320,85220,100,1474
2026-06-29,武雄,1,018420260629,1,1-3-7,0.03864459121068977,145.2,100,14520,14420,100,461
2026-06-29,武雄,1,018420260629,2,1-7-3,0.03864459121068977,72.8,100,7280,7180,100,181
2026-06-29,武雄,1,018420260629,3,3-1-7,0.03864459121068977,78.0,100,7800,7700,100,201
2026-06-29,武雄,1,018420260629,4,3-7-1,0.03864459121068977,13.1,100,1310,1210,100,-49
2026-06-29,武雄,1,018420260629,5,7-1-3,0.03864459121068977,15.9,100,1590,1490,100,-39
2026-06-29,武雄,1,018420260629,6,7-3-1,0.03864459121068977,4.1,100,410,310,100,-84
2026-06-29,武雄,1,018420260629,7,1-3-2,0.010341819579678911,358.3,100,35830,35730,100,271
2026-06-29,武雄,1,018420260629,8,1-3-4,0.010341819579678911,502.6,100,50260,50160,100,420
2026-06-29,武雄,2,028420260629,1,1-2-6,0.02460135654799573,179.2,100,17920,17820,100,341
2026-06-29,武雄,2,028420260629,2,1-2-7,0.02460135654799573,38.9,100,3890,3790,100,-4
2026-06-29,武雄,2,028420260629,3,1-6-2,0.02460135654799573,438.6,100,43860,43760,100,979
2026-06-29,武雄,2,028420260629,4,1-6-7,0.02460135654799573,434.0,100,43400,43300,100,968
2026-06-29,武雄,2,028420260629,5,1-7-2,0.02460135654799573,66.8,100,6680,6580,100,64
2026-06-29,武雄,2,028420260629,6,1-7-6,0.02460135654799573,176.1,100,17610,17510,100,333
2026-06-29,武雄,2,028420260629,7,2-1-6,0.02460135654799573,136.7,100,13670,13570,100,236
2026-06-29,武雄,2,028420260629,8,2-1-7,0.02460135654799573,22.7,100,2270,2170,100,-44
2026-06-29,武雄,3,038420260629,1,2-5-4,0.10509761508485223,162.4,100,16240,16140,100,1607
2026-06-29,武雄,3,038420260629,2,5-2-4,0.10509761508485223,203.9,100,20390,20290,100,2043
2026-06-29,武雄,3,038420260629,3,2-4-5,0.054090450807827005,102.7,100,10270,10170,100,456
2026-06-29,武雄,3,038420260629,4,5-4-2,0.054090450807827005,69.9,100,6990,6890,100,278
2026-06-29,武雄,3,038420260629,5,4-2-5,0.038950215256766896,49.8,100,4980,4880,100,94
2026-06-29,武雄,3,038420260629,6,4-5-2,0.038950215256766896,19.5,100,1950,1850,100,-24
2026-06-29,武雄,3,038420260629,7,2-5-1,0.028125554946003065,291.3,100,29130,29030,100,719
2026-06-29,武雄,3,038420260629,8,2-5-3,0.028125554946003065,393.7,100,39370,39270,100,1007
2026-06-29,武雄,4,048420260629,1,1-4-7,0.048773704343748746,654.9,100,65490,65390,100,3094
2026-06-29,武雄,4,048420260629,2,1-7-4,0.048773704343748746,288.8,100,28880,28780,100,1309
2026-06-29,武雄,4,048420260629,3,4-1-7,0.048773704343748746,1050.9,100,105090,104990,100,5026
2026-06-29,武雄,4,048420260629,4,4-7-1,0.048773704343748746,1229.8,100,122980,122880,100,5898
2026-06-29,武雄,4,048420260629,5,7-1-4,0.048773704343748746,577.1,100,57710,57610,100,2715
2026-06-29,武雄,4,048420260629,6,7-4-1,0.048773704343748746,1380.6,100,138060,137960,100,6634
2026-06-29,武雄,4,048420260629,7,1-4-3,0.016519830920475403,324.1,100,32410,32310,100,435
2026-06-29,武雄,4,048420260629,8,1-4-5,0.016519830920475403,568.9,100,56890,56790,100,840
2026-06-29,武雄,5,058420260629,1,1-6-3,0.026901281510556298,894.5,100,89450,89350,100,2306
2026-06-29,武雄,5,058420260629,2,1-6-4,0.026901281510556298,1812.1,100,181210,181110,100,4775
2026-06-29,武雄,5,058420260629,3,1-6-7,0.026901281510556298,1698.3,100,169830,169730,100,4469
2026-06-29,武雄,5,058420260629,4,1-3-6,0.025775460174444098,260.9,100,26090,25990,100,572
2026-06-29,武雄,5,058420260629,5,1-4-6,0.025775460174444098,1831.0,100,183100,183000,100,4619
2026-06-29,武雄,5,058420260629,6,1-7-6,0.025775460174444098,1062.1,100,106210,106110,100,2638
2026-06-29,武雄,5,058420260629,7,1-3-4,0.022327787157480232,119.5,100,11950,11850,100,167
2026-06-29,武雄,5,058420260629,8,1-3-7,0.022327787157480232,91.3,100,9130,9030,100,104
2026-06-29,武雄,6,068420260629,1,4-7-1,0.12844900825759148,53.9,100,5390,5290,100,592
2026-06-29,武雄,6,068420260629,2,4-7-3,0.12844900825759148,125.1,100,12510,12410,100,1507
2026-06-29,武雄,6,068420260629,3,7-4-1,0.12844900825759148,69.8,100,6980,6880,100,797
2026-06-29,武雄,6,068420260629,4,7-4-3,0.12844900825759148,148.8,100,14880,14780,100,1811
2026-06-29,武雄,6,068420260629,5,4-1-7,0.05423760300426987,46.4,100,4640,4540,100,152
2026-06-29,武雄,6,068420260629,6,4-3-7,0.05423760300426987,64.3,100,6430,6330,100,249
2026-06-29,武雄,6,068420260629,7,7-1-4,0.05423760300426987,20.6,100,2060,1960,100,12
2026-06-29,武雄,6,068420260629,8,7-3-4,0.05423760300426987,162.9,100,16290,16190,100,784
2026-06-29,武雄,7,078420260629,1,2-7-1,0.03932391795863424,135.4,100,13540,13440,100,432
2026-06-29,武雄,7,078420260629,2,2-7-3,0.03932391795863424,227.9,100,22790,22690,100,796
2026-06-29,武雄,7,078420260629,3,2-7-5,0.03932391795863424,88.9,100,8890,8790,100,250
2026-06-29,武雄,7,078420260629,4,2-7-6,0.03932391795863424,859.0,100,85900,85800,100,3278
2026-06-29,武雄,7,078420260629,5,7-2-1,0.03932391795863424,142.0,100,14200,14100,100,458
2026-06-29,武雄,7,078420260629,6,7-2-3,0.03932391795863424,299.7,100,29970,29870,100,1079
2026-06-29,武雄,7,078420260629,7,7-2-5,0.03932391795863424,112.0,100,11200,11100,100,340
2026-06-29,武雄,7,078420260629,8,7-2-6,0.03932391795863424,1011.6,100,101160,101060,100,3878
2026-06-29,武雄,8,088420260629,1,7-2-4,0.09236382225742265,199.8,100,19980,19880,100,1745
2026-06-29,武雄,8,088420260629,2,7-4-2,0.09236382225742265,126.9,100,12690,12590,100,1072
2026-06-29,武雄,8,088420260629,3,2-7-4,0.06082795867359912,863.9,100,86390,86290,100,5155
2026-06-29,武雄,8,088420260629,4,4-7-2,0.06082795867359912,358.7,100,35870,35770,100,2082
2026-06-29,武雄,8,088420260629,5,2-4-7,0.03368083946127346,993.4,100,99340,99240,100,3246
2026-06-29,武雄,8,088420260629,6,4-2-7,0.03368083946127346,856.8,100,85680,85580,100,2786
2026-06-29,武雄,8,088420260629,7,7-2-1,0.02471781834275345,125.9,100,12590,12490,100,211
2026-06-29,武雄,8,088420260629,8,7-2-3,0.02471781834275345,394.7,100,39470,39370,100,876
2026-06-29,武雄,9,098420260629,1,1-2-3,0.03203203420171251,25.1,100,2510,2410,100,-20
2026-06-29,武雄,9,098420260629,2,1-2-5,0.03203203420171251,77.1,100,7710,7610,100,147
2026-06-29,武雄,9,098420260629,3,1-3-2,0.03203203420171251,28.9,100,2890,2790,100,-7
2026-06-29,武雄,9,098420260629,4,1-3-5,0.03203203420171251,38.5,100,3850,3750,100,23
2026-06-29,武雄,9,098420260629,5,1-5-2,0.03203203420171251,147.0,100,14700,14600,100,371
2026-06-29,武雄,9,098420260629,6,1-5-3,0.03203203420171251,101.0,100,10100,10000,100,224
2026-06-29,武雄,9,098420260629,7,1-2-6,0.027930041381427705,127.7,100,12770,12670,100,257
2026-06-29,武雄,9,098420260629,8,1-3-6,0.027930041381427705,260.9,100,26090,25990,100,629
2026-06-29,武雄,10,108420260629,1,7-1-3,0.0218941704496349,12.8,100,1280,1180,100,-72
2026-06-29,武雄,10,108420260629,2,7-1-5,0.0218941704496349,22.4,100,2240,2140,100,-51
2026-06-29,武雄,10,108420260629,3,7-1-6,0.0218941704496349,245.6,100,24560,24460,100,438
2026-06-29,武雄,10,108420260629,4,7-3-1,0.0218941704496349,5.6,100,560,460,100,-88
2026-06-29,武雄,10,108420260629,5,7-3-5,0.0218941704496349,34.6,100,3460,3360,100,-24
2026-06-29,武雄,10,108420260629,6,7-3-6,0.0218941704496349,127.0,100,12700,12600,100,178
2026-06-29,武雄,10,108420260629,7,7-5-1,0.0218941704496349,70.7,100,7070,6970,100,55
2026-06-29,武雄,10,108420260629,8,7-5-3,0.0218941704496349,93.2,100,9320,9220,100,104
2026-06-29,武雄,11,118420260629,1,2-5-1,0.025625811121739346,259.7,100,25970,25870,100,566
2026-06-29,武雄,11,118420260629,2,2-5-3,0.025625811121739346,42.6,100,4260,4160,100,9
2026-06-29,武雄,11,118420260629,3,2-5-4,0.025625811121739346,277.4,100,27740,27640,100,611
2026-06-29,武雄,11,118420260629,4,2-5-6,0.025625811121739346,431.6,100,43160,43060,100,1006
2026-06-29,武雄,11,118420260629,5,2-5-7,0.025625811121739346,406.0,100,40600,40500,100,940
2026-06-29,武雄,11,118420260629,6,5-2-1,0.025625811121739346,204.1,100,20410,20310,100,423
2026-06-29,武雄,11,118420260629,7,5-2-3,0.025625811121739346,30.3,100,3030,2930,100,-22
2026-06-29,武雄,11,118420260629,8,5-2-4,0.025625811121739346,261.8,100,26180,26080,100,571
2026-06-29,武雄,12,128420260629,1,4-1-3,0.0218941704496349,213.2,100,21320,21220,100,367
2026-06-29,武雄,12,128420260629,2,4-1-6,0.0218941704496349,92.3,100,9230,9130,100,102
2026-06-29,武雄,12,128420260629,3,4-1-7,0.0218941704496349,110.6,100,11060,10960,100,142
2026-06-29,武雄,12,128420260629,4,4-3-1,0.0218941704496349,308.9,100,30890,30790,100,576
2026-06-29,武雄,12,128420260629,5,4-3-6,0.0218941704496349,530.8,100,53080,52980,100,1062
2026-06-29,武雄,12,128420260629,6,4-3-7,0.0218941704496349,378.9,100,37890,37790,100,730
2026-06-29,武雄,12,128420260629,7,4-6-1,0.0218941704496349,107.2,100,10720,10620,100,135
2026-06-29,武雄,12,128420260629,8,4-6-3,0.0218941704496349,406.6,100,40660,40560,100,790
2026-06-29,玉野,1,016120260629,1,1-2-3,0.03932526298769621,5.2,100,520,420,100,-80
2026-06-29,玉野,1,016120260629,2,1-2-4,0.03932526298769621,14.5,100,1450,1350,100,-43
2026-06-29,玉野,1,016120260629,3,1-2-5,0.03932526298769621,24.4,100,2440,2340,100,-4
2026-06-29,玉野,1,016120260629,4,1-2-6,0.03932526298769621,104.9,100,10490,10390,100,313
2026-06-29,玉野,1,016120260629,5,2-1-3,0.03932526298769621,8.4,100,840,740,100,-67
2026-06-29,玉野,1,016120260629,6,2-1-4,0.03932526298769621,18.7,100,1870,1770,100,-26
2026-06-29,玉野,1,016120260629,7,2-1-5,0.03932526298769621,21.5,100,2150,2050,100,-15
2026-06-29,玉野,1,016120260629,8,2-1-6,0.03932526298769621,142.4,100,14240,14140,100,460
2026-06-29,玉野,2,026120260629,1,4-2-1,0.02827480684890944,410.8,100,41080,40980,100,1062
2026-06-29,玉野,2,026120260629,2,4-2-3,0.02827480684890944,668.7,100,66870,66770,100,1791
2026-06-29,玉野,2,026120260629,3,4-2-5,0.02827480684890944,1758.7,100,175870,175770,100,4873
2026-06-29,玉野,2,026120260629,4,4-2-6,0.02827480684890944,2176.1,100,217610,217510,100,6053
2026-06-29,玉野,2,026120260629,5,4-2-7,0.02827480684890944,3616.6,100,361660,361560,100,10126
2026-06-29,玉野,2,026120260629,6,2-4-1,0.026523152706878432,302.8,100,30280,30180,100,703
2026-06-29,玉野,2,026120260629,7,2-4-3,0.026523152706878432,504.4,100,50440,50340,100,1238
2026-06-29,玉野,2,026120260629,8,2-4-5,0.026523152706878432,1102.0,100,110200,110100,100,2823
2026-06-29,玉野,3,036120260629,1,1-4-2,0.038264799950031604,85.9,100,8590,8490,100,229
2026-06-29,玉野,3,036120260629,2,1-4-5,0.038264799950031604,34.8,100,3480,3380,100,33
2026-06-29,玉野,3,036120260629,3,1-4-7,0.038264799950031604,538.1,100,53810,53710,100,1959
2026-06-29,玉野,3,036120260629,4,4-1-2,0.03531983333304099,88.1,100,8810,8710,100,211
2026-06-29,玉野,3,036120260629,5,4-1-5,0.03531983333304099,31.6,100,3160,3060,100,12
2026-06-29,玉野,3,036120260629,6,4-1-7,0.03531983333304099,418.6,100,41860,41760,100,1378
2026-06-29,玉野,3,036120260629,7,1-2-4,0.027118125780408522,155.9,100,15590,15490,100,323
2026-06-29,玉野,3,036120260629,8,1-5-4,0.027118125780408522,26.7,100,2670,2570,100,-28
2026-06-29,玉野,4,046120260629,1,2-1-3,0.06986033963868887,31.2,100,3120,3020,100,118
2026-06-29,玉野,4,046120260629,2,2-3-1,0.06986033963868887,96.2,100,9620,9520,100,572
2026-06-29,玉野,4,046120260629,3,1-2-3,0.047418862702691016,15.5,100,1550,1450,100,-27
2026-06-29,玉野,4,046120260629,4,3-2-1,0.047418862702691016,167.3,100,16730,16630,100,693
2026-06-29,玉野,4,046120260629,5,1-3-2,0.02786331301920601,61.3,100,6130,6030,100,71
2026-06-29,玉野,4,046120260629,6,3-1-2,0.02786331301920601,141.7,100,14170,14070,100,295
2026-06-29,玉野,4,046120260629,7,2-1-4,0.01869557952830822,55.6,100,5560,5460,100,4
2026-06-29,玉野,4,046120260629,8,2-1-5,0.01869557952830822,5.8,100,580,480,100,-89
2026-06-29,玉野,5,056120260629,1,4-1-5,0.05180860745016125,109.5,100,10950,10850,100,467
2026-06-29,玉野,5,056120260629,2,4-5-1,0.05180860745016125,194.8,100,19480,19380,100,909
2026-06-29,玉野,5,056120260629,3,1-4-5,0.048437326620364714,110.7,100,11070,10970,100,436
2026-06-29,玉野,5,056120260629,4,5-4-1,0.048437326620364714,354.3,100,35430,35330,100,1616
2026-06-29,玉野,5,056120260629,5,1-5-4,0.043804210680406734,166.4,100,16640,16540,100,629
2026-06-29,玉野,5,056120260629,6,5-1-4,0.043804210680406734,327.9,100,32790,32690,100,1336
2026-06-29,玉野,5,056120260629,7,4-1-2,0.021119432336371462,22.9,100,2290,2190,100,-52
2026-06-29,玉野,5,056120260629,8,4-1-7,0.021119432336371462,243.1,100,24310,24210,100,413
2026-06-29,玉野,6,066120260629,1,1-2-4,0.035000413444160966,16.6,100,1660,1560,100,-42
2026-06-29,玉野,6,066120260629,2,2-1-4,0.035000413444160966,32.6,100,3260,3160,100,14
2026-06-29,玉野,6,066120260629,3,1-4-2,0.032258846144595954,8.7,100,870,770,100,-72
2026-06-29,玉野,6,066120260629,4,2-4-1,0.032258846144595954,85.8,100,8580,8480,100,177
2026-06-29,玉野,6,066120260629,5,4-1-2,0.030531891540235903,43.3,100,4330,4230,100,32
2026-06-29,玉野,6,066120260629,6,4-2-1,0.030531891540235903,124.5,100,12450,12350,100,280
2026-06-29,玉野,6,066120260629,7,1-2-7,0.01647078279725222,77.6,100,7760,7660,100,28
2026-06-29,玉野,6,066120260629,8,2-1-7,0.01647078279725222,99.2,100,9920,9820,100,63
2026-06-29,玉野,7,076120260629,1,2-6-7,0.018898232166232393,780.0,100,78000,77900,100,1374
2026-06-29,玉野,7,076120260629,2,2-7-6,0.018898232166232393,904.3,100,90430,90330,100,1609
2026-06-29,玉野,7,076120260629,3,6-2-7,0.018898232166232393,1189.3,100,118930,118830,100,2148
2026-06-29,玉野,7,076120260629,4,6-7-2,0.018898232166232393,1659.7,100,165970,165870,100,3037
2026-06-29,玉野,7,076120260629,5,7-2-6,0.018898232166232393,1741.0,100,174100,174000,100,3190
2026-06-29,玉野,7,076120260629,6,7-6-2,0.018898232166232393,2313.4,100,231340,231240,100,4272
2026-06-29,玉野,7,076120260629,7,2-6-1,0.015702207608707795,261.9,100,26190,26090,100,311
2026-06-29,玉野,7,076120260629,8,2-6-3,0.015702207608707795,513.3,100,51330,51230,100,706
2026-06-29,高知,1,017420260629,1,4-1-3,0.04570575685976624,158.3,100,15830,15730,100,624
2026-06-29,高知,1,017420260629,2,4-1-7,0.04570575685976624,146.5,100,14650,14550,100,570
2026-06-29,高知,1,017420260629,3,4-3-1,0.04570575685976624,144.6,100,14460,14360,100,561
2026-06-29,高知,1,017420260629,4,4-3-7,0.04570575685976624,57.9,100,5790,5690,100,165
2026-06-29,高知,1,017420260629,5,4-7-1,0.04570575685976624,218.2,100,21820,21720,100,897
2026-06-29,高知,1,017420260629,6,4-7-3,0.04570575685976624,103.9,100,10390,10290,100,375
2026-06-29,高知,1,017420260629,7,1-4-3,0.032391557498025116,260.2,100,26020,25920,100,743
2026-06-29,高知,1,017420260629,8,1-4-7,0.032391557498025116,203.7,100,20370,20270,100,560
2026-06-29,高知,2,027420260629,1,7-2-5,0.06986033963868887,57.3,100,5730,5630,100,300
2026-06-29,高知,2,027420260629,2,7-5-2,0.06986033963868887,43.6,100,4360,4260,100,205
2026-06-29,高知,2,027420260629,3,2-7-5,0.047418862702691016,49.7,100,4970,4870,100,136
2026-06-29,高知,2,027420260629,4,5-7-2,0.047418862702691016,34.1,100,3410,3310,100,62
2026-06-29,高知,2,027420260629,5,2-5-7,0.02786331301920601,19.6,100,1960,1860,100,-45
2026-06-29,高知,2,027420260629,6,5-2-7,0.02786331301920601,12.7,100,1270,1170,100,-65
2026-06-29,高知,2,027420260629,7,7-2-1,0.01869557952830822,178.3,100,17830,17730,100,233
2026-06-29,高知,2,027420260629,8,7-2-3,0.01869557952830822,133.9,100,13390,13290,100,150
2026-06-29,高知,3,037420260629,1,1-2-3,0.05077508718780976,126.2,100,12620,12520,100,541
2026-06-29,高知,3,037420260629,2,1-2-4,0.05077508718780976,70.5,100,7050,6950,100,258
2026-06-29,高知,3,037420260629,3,1-3-2,0.05077508718780976,88.0,100,8800,8700,100,347
2026-06-29,高知,3,037420260629,4,1-3-4,0.05077508718780976,21.9,100,2190,2090,100,11
2026-06-29,高知,3,037420260629,5,1-4-2,0.05077508718780976,11.2,100,1120,1020,100,-43
2026-06-29,高知,3,037420260629,6,1-4-3,0.05077508718780976,5.9,100,590,490,100,-70
2026-06-29,高知,3,037420260629,7,2-1-3,0.032710080080386256,501.6,100,50160,50060,100,1541
2026-06-29,高知,3,037420260629,8,2-1-4,0.032710080080386256,194.9,100,19490,19390,100,538
2026-06-29,高知,4,047420260629,1,3-5-1,0.038264799950031604,10.6,100,1060,960,100,-59
2026-06-29,高知,4,047420260629,2,3-5-6,0.038264799950031604,62.2,100,6220,6120,100,138
2026-06-29,高知,4,047420260629,3,3-5-7,0.038264799950031604,17.4,100,1740,1640,100,-33
2026-06-29,高知,4,047420260629,4,5-3-1,0.03531983333304099,3.1,100,310,210,100,-89
2026-06-29,高知,4,047420260629,5,5-3-6,0.03531983333304099,12.9,100,1290,1190,100,-54
2026-06-29,高知,4,047420260629,6,5-3-7,0.03531983333304099,5.1,100,510,410,100,-82
2026-06-29,高知,4,047420260629,7,3-1-5,0.027118125780408522,96.4,100,9640,9540,100,161
2026-06-29,高知,4,047420260629,8,3-6-5,0.027118125780408522,465.0,100,46500,46400,100,1161
2026-06-29,高知,5,057420260629,1,2-3-7,0.040435405789585294,20.0,100,2000,1900,100,-19
2026-06-29,高知,5,057420260629,2,2-7-3,0.040435405789585294,8.7,100,870,770,100,-65
2026-06-29,高知,5,057420260629,3,3-2-7,0.03798804786670443,19.3,100,1930,1830,100,-27
2026-06-29,高知,5,057420260629,4,7-2-3,0.03798804786670443,7.4,100,740,640,100,-72
2026-06-29,高知,5,057420260629,5,3-7-2,0.034715760965844514,23.4,100,2340,2240,100,-19
2026-06-29,高知,5,057420260629,6,7-3-2,0.034715760965844514,19.1,100,1910,1810,100,-34
2026-06-29,高知,5,057420260629,7,2-3-1,0.01902842625392249,151.4,100,15140,15040,100,188
2026-06-29,高知,5,057420260629,8,2-3-4,0.01902842625392249,73.9,100,7390,7290,100,41
2026-06-29,高知,6,067420260629,1,3-2-7,0.09236382225742265,18.6,100,1860,1760,100,72
2026-06-29,高知,6,067420260629,2,3-7-2,0.09236382225742265,16.0,100,1600,1500,100,48
2026-06-29,高知,6,067420260629,3,2-3-7,0.06082795867359912,33.3,100,3330,3230,100,103
2026-06-29,高知,6,067420260629,4,7-3-2,0.06082795867359912,30.0,100,3000,2900,100,82
2026-06-29,高知,6,067420260629,5,2-7-3,0.03368083946127346,22.4,100,2240,2140,100,-25
2026-06-29,高知,6,067420260629,6,7-2-3,0.03368083946127346,19.5,100,1950,1850,100,-34
2026-06-29,高知,6,067420260629,7,3-2-1,0.02471781834275345,73.0,100,7300,7200,100,80
2026-06-29,高知,6,067420260629,8,3-2-5,0.02471781834275345,44.2,100,4420,4320,100,9
2026-06-29,高知,7,077420260629,1,3-5-7,0.13822365354911523,297.6,100,29760,29660,100,4014
2026-06-29,高知,7,077420260629,2,3-7-5,0.13822365354911523,140.9,100,14090,13990,100,1848
2026-06-29,高知,7,077420260629,3,5-3-7,0.07808761496920781,301.3,100,30130,30030,100,2253
2026-06-29,高知,7,077420260629,4,7-3-5,0.07808761496920781,135.9,100,13590,13490,100,961
2026-06-29,高知,7,077420260629,5,3-5-1,0.03699053455774618,251.5,100,25150,25050,100,830
2026-06-29,高知,7,077420260629,6,3-5-2,0.03699053455774618,333.8,100,33380,33280,100,1135
2026-06-29,高知,7,077420260629,7,3-7-1,0.03699053455774618,41.9,100,4190,4090,100,55
2026-06-29,高知,7,077420260629,8,3-7-2,0.03699053455774618,20.5,100,2050,1950,100,-24
2026-06-29,高知,8,087420260629,1,2-3-7,0.05203864518624651,69.2,100,6920,6820,100,260
2026-06-29,高知,8,087420260629,2,2-7-3,0.05203864518624651,23.1,100,2310,2210,100,20
2026-06-29,高知,8,087420260629,3,3-2-7,0.05203864518624651,76.3,100,7630,7530,100,297
2026-06-29,高知,8,087420260629,4,3-7-2,0.05203864518624651,48.9,100,4890,4790,100,154
2026-06-29,高知,8,087420260629,5,7-2-3,0.05203864518624651,11.1,100,1110,1010,100,-42
2026-06-29,高知,8,087420260629,6,7-3-2,0.05203864518624651,18.5,100,1850,1750,100,-4
2026-06-29,高知,8,087420260629,7,2-3-1,0.013926251069728472,458.7,100,45870,45770,100,539
2026-06-29,高知,8,087420260629,8,2-3-4,0.013926251069728472,348.4,100,34840,34740,100,385
2026-06-29,高知,9,097420260629,1,2-4-7,0.1319150658895742,26.4,100,2640,2540,100,248
2026-06-29,高知,9,097420260629,2,4-2-7,0.1319150658895742,28.3,100,2830,2730,100,273
2026-06-29,高知,9,097420260629,3,2-7-4,0.06333044918955719,18.5,100,1850,1750,100,17
2026-06-29,高知,9,097420260629,4,4-7-2,0.06333044918955719,72.6,100,7260,7160,100,360
2026-06-29,高知,9,097420260629,5,7-2-4,0.04489671088772433,56.6,100,5660,5560,100,154
2026-06-29,高知,9,097420260629,6,7-4-2,0.04489671088772433,116.3,100,11630,11530,100,422
2026-06-29,高知,9,097420260629,7,2-4-3,0.03530227047385764,28.0,100,2800,2700,100,-1
2026-06-29,高知,9,097420260629,8,2-4-5,0.03530227047385764,28.4,100,2840,2740,100,0
2026-06-29,高知,10,107420260629,1,1-2-3,0.008332956492921416,108.6,100,10860,10760,100,-10
2026-06-29,高知,10,107420260629,2,1-2-4,0.008332956492921416,126.0,100,12600,12500,100,5
2026-06-29,高知,10,107420260629,3,1-2-6,0.008332956492921416,248.6,100,24860,24760,100,107
2026-06-29,高知,10,107420260629,4,1-2-7,0.008332956492921416,222.6,100,22260,22160,100,85
2026-06-29,高知,10,107420260629,5,1-3-2,0.008332956492921416,58.3,100,5830,5730,100,-51
2026-06-29,高知,10,107420260629,6,1-3-4,0.008332956492921416,22.6,100,2260,2160,100,-81
2026-06-29,高知,10,107420260629,7,1-3-6,0.008332956492921416,27.9,100,2790,2690,100,-77
2026-06-29,高知,10,107420260629,8,1-3-7,0.008332956492921416,37.1,100,3710,3610,100,-69
2026-06-29,高知,11,117420260629,1,5-7-1,0.06596083200278295,15.4,100,1540,1440,100,2
2026-06-29,高知,11,117420260629,2,5-7-4,0.06596083200278295,40.1,100,4010,3910,100,165
2026-06-29,高知,11,117420260629,3,5-7-6,0.06596083200278295,155.8,100,15580,15480,100,928
2026-06-29,高知,11,117420260629,4,7-5-1,0.06596083200278295,41.7,100,4170,4070,100,175
2026-06-29,高知,11,117420260629,5,7-5-4,0.06596083200278295,158.2,100,15820,15720,100,944
2026-06-29,高知,11,117420260629,6,7-5-6,0.06596083200278295,554.0,100,55400,55300,100,3554
2026-06-29,高知,11,117420260629,7,5-1-7,0.03449475547612834,7.2,100,720,620,100,-75
2026-06-29,高知,11,117420260629,8,5-4-7,0.03449475547612834,61.3,100,6130,6030,100,111
2026-06-29,高知,12,127420260629,1,7-1-2,0.02184807024766816,90.5,100,9050,8950,100,98
2026-06-29,高知,12,127420260629,2,7-1-5,0.02184807024766816,64.2,100,6420,6320,100,40
2026-06-29,高知,12,127420260629,3,7-2-1,0.02184807024766816,38.3,100,3830,3730,100,-16
2026-06-29,高知,12,127420260629,4,7-2-5,0.02184807024766816,68.9,100,6890,6790,100,51
2026-06-29,高知,12,127420260629,5,7-5-1,0.02184807024766816,80.9,100,8090,7990,100,77
2026-06-29,高知,12,127420260629,6,7-5-2,0.02184807024766816,174.6,100,17460,17360,100,281
2026-06-29,高知,12,127420260629,7,1-7-2,0.020995559841977107,142.5,100,14250,14150,100,199
2026-06-29,高知,12,127420260629,8,1-7-5,0.020995559841977107,168.4,100,16840,16740,100,254
