date,venue,race_no,race_id,start_at,close_at,seconds_to_close_at_prediction,strategy_version,bet_type,bet_label,candidate_rank,buy,prob,odds_used,expected_profit_100yen,is_selected
2026-10-02,佐世保,7,078520261002,1790904900,1790904600,1388,near_close_v2_20260805,exacta,2車単,1,4-1,0.13174241874696577,3.9,-49,False
2026-10-02,佐世保,7,078520261002,1790904900,1790904600,1388,near_close_v2_20260805,exacta,2車単,2,4-2,0.09549401122257417,12.2,17,False
2026-10-02,佐世保,7,078520261002,1790904900,1790904600,1388,near_close_v2_20260805,exacta,2車単,3,1-4,0.09520279239350918,4.4,-58,False
2026-10-02,佐世保,7,078520261002,1790904900,1790904600,1388,near_close_v2_20260805,exacta,2車単,4,4-7,0.08094821064433896,9.7,-21,False
2026-10-02,佐世保,7,078520261002,1790904900,1790904600,1388,near_close_v2_20260805,exacta,2車単,5,2-4,0.06489031035916397,30.5,98,False
2026-10-02,佐世保,7,078520261002,1790904900,1790904600,1388,near_close_v2_20260805,exacta,2車単,6,7-4,0.05371979446277271,23.2,25,False
2026-10-02,佐世保,7,078520261002,1790904900,1790904600,1388,near_close_v2_20260805,exacta,2車単,7,4-3,0.04004969897061055,26.9,8,False
2026-10-02,佐世保,7,078520261002,1790904900,1790904600,1388,near_close_v2_20260805,exacta,2車単,8,1-2,0.031330526726620664,25.0,-22,False
2026-10-02,佐世保,7,078520261002,1790904900,1790904600,1388,near_close_v2_20260805,exacta,2車単,9,2-1,0.029460991389294134,47.1,39,False
2026-10-02,佐世保,7,078520261002,1790904900,1790904600,1388,near_close_v2_20260805,exacta,2車単,10,1-7,0.026558210767305704,23.3,-38,False
2026-10-02,佐世保,7,078520261002,1790904900,1790904600,1388,near_close_v2_20260805,exacta,2車単,11,3-4,0.024938495698083856,89.9,124,False
2026-10-02,佐世保,7,078520261002,1790904900,1790904600,1388,near_close_v2_20260805,exacta,2車単,12,7-1,0.024389441094403597,49.0,20,False
2026-10-02,佐世保,7,078520261002,1790904900,1790904600,1388,near_close_v2_20260805,exacta,2車単,13,2-7,0.01810210074670094,28.7,-48,False
2026-10-02,佐世保,7,078520261002,1790904900,1790904600,1388,near_close_v2_20260805,exacta,2車単,14,7-2,0.017678782458477746,21.7,-62,False
2026-10-02,佐世保,7,078520261002,1790904900,1790904600,1388,near_close_v2_20260805,exacta,2車単,15,1-3,0.01313986236338143,46.2,-39,False
2026-10-02,佐世保,7,078520261002,1790904900,1790904600,1388,near_close_v2_20260805,exacta,2車単,16,3-1,0.011322380844791865,78.3,-11,False
2026-10-02,佐世保,7,078520261002,1790904900,1790904600,1388,near_close_v2_20260805,exacta,2車単,17,2-3,0.008956142203394565,147.2,32,False
2026-10-02,佐世保,7,078520261002,1790904900,1790904600,1388,near_close_v2_20260805,exacta,2車単,18,3-2,0.008207072359400682,124.5,2,False
2026-10-02,佐世保,7,078520261002,1790904900,1790904600,1388,near_close_v2_20260805,exacta,2車単,19,7-3,0.0074143907724086725,95.2,-29,False
2026-10-02,佐世保,7,078520261002,1790904900,1790904600,1388,near_close_v2_20260805,exacta,2車単,20,3-7,0.006956957966438955,85.2,-41,False
2026-10-02,佐世保,7,078520261002,1790904900,1790904600,1388,near_close_v2_20260805,quinella,2車複,1,4-7,0.1346680051071117,6.4,-14,False
2026-10-02,佐世保,7,078520261002,1790904900,1790904600,1388,near_close_v2_20260805,quinella,2車複,2,1-2,0.060791518115914794,24.9,51,False
2026-10-02,佐世保,7,078520261002,1790904900,1790904600,1388,near_close_v2_20260805,quinella,2車複,3,1-7,0.0509476518617093,14.1,-28,False
2026-10-02,佐世保,7,078520261002,1790904900,1790904600,1388,near_close_v2_20260805,quinella,2車複,4,2-7,0.035780883205178686,12.3,-56,False
2026-10-02,佐世保,7,078520261002,1790904900,1790904600,1388,near_close_v2_20260805,quinella,2車複,5,1-3,0.024462243208173293,43.8,7,False
2026-10-02,佐世保,7,078520261002,1790904900,1790904600,1388,near_close_v2_20260805,quinella,2車複,6,2-3,0.017163214562795247,56.3,-3,False
2026-10-02,佐世保,7,078520261002,1790904900,1790904600,1388,near_close_v2_20260805,quinella_place,ワイド,1,4-7,0.28590711021063364,2.5,-29,False
2026-10-02,佐世保,7,078520261002,1790904900,1790904600,1388,near_close_v2_20260805,quinella_place,ワイド,2,1-2,0.22350604345878217,5.7,27,False
2026-10-02,佐世保,7,078520261002,1790904900,1790904600,1388,near_close_v2_20260805,quinella_place,ワイド,3,1-7,0.18934784512752986,4.4,-17,False
2026-10-02,佐世保,7,078520261002,1790904900,1790904600,1388,near_close_v2_20260805,quinella_place,ワイド,4,2-7,0.1361393674547582,2.0,-73,False
2026-10-02,佐世保,7,078520261002,1790904900,1790904600,1388,near_close_v2_20260805,quinella_place,ワイド,5,1-3,0.09331735867664318,12.1,13,False
2026-10-02,佐世保,7,078520261002,1790904900,1790904600,1388,near_close_v2_20260805,quinella_place,ワイド,6,2-3,0.06670003401871466,13.6,-9,False
2026-10-02,佐世保,7,078520261002,1790904900,1790904600,1388,near_close_v2_20260805,trifecta,3連単,1,4-1-2,0.04476366051254153,14.5,-35,False
2026-10-02,佐世保,7,078520261002,1790904900,1790904600,1388,near_close_v2_20260805,trifecta,3連単,2,4-2-1,0.03964974910853705,39.0,55,False
2026-10-02,佐世保,7,078520261002,1790904900,1790904600,1388,near_close_v2_20260805,trifecta,3連単,3,4-1-7,0.03794518812216686,9.7,-63,False
2026-10-02,佐世保,7,078520261002,1790904900,1790904600,1388,near_close_v2_20260805,trifecta,3連単,4,1-4-2,0.03234816484380941,21.2,-31,False
2026-10-02,佐世保,7,078520261002,1790904900,1790904600,1388,near_close_v2_20260805,trifecta,3連単,5,4-7-1,0.032136969680162844,29.2,-6,False
2026-10-02,佐世保,7,078520261002,1790904900,1790904600,1388,near_close_v2_20260805,trifecta,3連単,6,1-4-7,0.02742084061828038,15.2,-58,False
2026-10-02,佐世保,7,078520261002,1790904900,1790904600,1388,near_close_v2_20260805,trifecta,3連単,7,2-4-1,0.02694288879874533,104.4,181,False
2026-10-02,佐世保,7,078520261002,1790904900,1790904600,1388,near_close_v2_20260805,trifecta,3連単,8,4-2-7,0.02436251188766769,27.7,-33,False
2026-10-02,佐世保,7,078520261002,1790904900,1790904600,1388,near_close_v2_20260805,trifecta,3連単,9,4-7-2,0.023294609074935302,31.2,-27,False
2026-10-02,佐世保,7,078520261002,1790904900,1790904600,1388,near_close_v2_20260805,trifecta,3連単,10,7-4-1,0.0213271101625696,69.8,49,False
2026-10-02,佐世保,7,078520261002,1790904900,1790904600,1388,near_close_v2_20260805,trifecta,3連単,11,1-2-4,0.01911040537568283,68.0,30,False
2026-10-02,佐世保,7,078520261002,1790904900,1790904600,1388,near_close_v2_20260805,trifecta,3連単,12,4-1-3,0.018773649838327196,20.4,-62,False
2026-10-02,佐世保,7,078520261002,1790904900,1790904600,1388,near_close_v2_20260805,trifecta,3連単,13,2-1-4,0.017970061375972245,124.0,123,False
2026-10-02,佐世保,7,078520261002,1790904900,1790904600,1388,near_close_v2_20260805,trifecta,3連単,14,2-4-7,0.01655487016704002,121.3,101,False
2026-10-02,佐世保,7,078520261002,1790904900,1790904600,1388,near_close_v2_20260805,trifecta,3連単,15,1-7-4,0.015718856936499843,60.3,-5,False
2026-10-02,佐世保,7,078520261002,1790904900,1790904600,1388,near_close_v2_20260805,trifecta,3連単,16,7-4-2,0.015459039818611216,72.3,12,False
2026-10-02,佐世保,7,078520261002,1790904900,1790904600,1388,near_close_v2_20260805,trifecta,3連単,17,7-1-4,0.014435239583084803,110.9,60,False
2026-10-02,佐世保,7,078520261002,1790904900,1790904600,1388,near_close_v2_20260805,trifecta,3連単,18,4-3-1,0.01415537272485171,85.0,20,False
2026-10-02,佐世保,7,078520261002,1790904900,1790904600,1388,near_close_v2_20260805,trifecta,3連単,19,1-4-3,0.013566654575088143,31.1,-58,False
2026-10-02,佐世保,7,078520261002,1790904900,1790904600,1388,near_close_v2_20260805,trifecta,3連単,20,4-2-3,0.012053524833995171,106.1,28,False
2026-10-02,佐世保,7,078520261002,1790904900,1790904600,1388,near_close_v2_20260805,trifecta,3連単,21,4-3-2,0.010260577684116963,166.6,71,False
2026-10-02,佐世保,7,078520261002,1790904900,1790904600,1388,near_close_v2_20260805,trifecta,3連単,22,2-7-4,0.009976378811207009,113.9,14,False
2026-10-02,佐世保,7,078520261002,1790904900,1790904600,1388,near_close_v2_20260805,trifecta,3連単,23,4-7-3,0.009769639678395562,60.3,-41,False
2026-10-02,佐世保,7,078520261002,1790904900,1790904600,1388,near_close_v2_20260805,trifecta,3連単,24,7-2-4,0.009743080827723188,79.5,-23,False
2026-10-02,佐世保,7,078520261002,1790904900,1790904600,1388,near_close_v2_20260805,trifecta,3連単,25,3-4-1,0.008814390891240855,245.4,116,False
2026-10-02,佐世保,7,078520261002,1790904900,1790904600,1388,near_close_v2_20260805,trifecta,3連単,26,4-3-7,0.008697670074520452,114.0,-1,False
2026-10-02,佐世保,7,078520261002,1790904900,1790904600,1388,near_close_v2_20260805,trifecta,3連単,27,2-4-3,0.00819063894569066,313.1,156,False
2026-10-02,佐世保,7,078520261002,1790904900,1790904600,1388,near_close_v2_20260805,trifecta,3連単,28,1-3-4,0.00717820757200094,138.5,-1,False
2026-10-02,佐世保,7,078520261002,1790904900,1790904600,1388,near_close_v2_20260805,trifecta,3連単,29,7-4-3,0.006483442083786956,136.2,-12,False
2026-10-02,佐世保,7,078520261002,1790904900,1790904600,1388,near_close_v2_20260805,trifecta,3連単,30,3-4-2,0.006389145961446041,450.5,188,False
2026-10-02,佐世保,7,078520261002,1790904900,1790904600,1388,near_close_v2_20260805,trifecta,3連単,31,3-1-4,0.00618533114469002,318.1,97,False
2026-10-02,佐世保,7,078520261002,1790904900,1790904600,1388,near_close_v2_20260805,trifecta,3連単,32,3-4-7,0.0054159410260724425,403.7,119,False
2026-10-02,佐世保,7,078520261002,1790904900,1790904600,1388,near_close_v2_20260805,trifecta,3連単,33,1-2-7,0.00533112696650944,113.8,-39,False
2026-10-02,佐世保,7,078520261002,1790904900,1790904600,1388,near_close_v2_20260805,trifecta,3連単,34,1-7-2,0.005172958218760312,115.5,-40,False
2026-10-02,佐世保,7,078520261002,1790904900,1790904600,1388,near_close_v2_20260805,trifecta,3連単,35,2-1-7,0.005013011336388375,188.5,-6,False
2026-10-02,佐世保,7,078520261002,1790904900,1790904600,1388,near_close_v2_20260805,trifecta,3連単,36,7-1-2,0.004750529351005106,169.1,-20,False
2026-10-02,佐世保,7,078520261002,1790904900,1790904600,1388,near_close_v2_20260805,trifecta,3連単,37,2-3-4,0.004580113666461343,615.3,182,False
2026-10-02,佐世保,7,078520261002,1790904900,1790904600,1388,near_close_v2_20260805,trifecta,3連単,38,2-7-1,0.004529397511377427,127.9,-42,False
2026-10-02,佐世保,7,078520261002,1790904900,1790904600,1388,near_close_v2_20260805,trifecta,3連単,39,7-2-1,0.004423477384866799,91.2,-60,False
2026-10-02,佐世保,7,078520261002,1790904900,1790904600,1388,near_close_v2_20260805,trifecta,3連単,40,3-2-4,0.004197044153751942,681.3,186,False
2026-10-02,佐世保,7,078520261002,1790904900,1790904600,1388,near_close_v2_20260805,trifecta,3連単,41,7-3-4,0.0036969014880584316,452.0,67,False
2026-10-02,佐世保,7,078520261002,1790904900,1790904600,1388,near_close_v2_20260805,trifecta,3連単,42,3-7-4,0.003468820169850972,531.1,84,False
2026-10-02,佐世保,7,078520261002,1790904900,1790904600,1388,near_close_v2_20260805,trifecta,3連単,43,1-2-3,0.0026376127215572845,372.4,-2,False
2026-10-02,佐世保,7,078520261002,1790904900,1790904600,1388,near_close_v2_20260805,trifecta,3連単,44,2-1-3,0.0024802227666369443,599.5,49,False
2026-10-02,佐世保,7,078520261002,1790904900,1790904600,1388,near_close_v2_20260805,trifecta,3連単,45,1-3-2,0.0023622944089100005,521.2,23,False
2026-10-02,佐世保,7,078520261002,1790904900,1790904600,1388,near_close_v2_20260805,trifecta,3連単,46,1-7-3,0.0021695121693654576,240.4,-48,False
2026-10-02,佐世保,7,078520261002,1790904900,1790904600,1388,near_close_v2_20260805,trifecta,3連単,47,2-3-1,0.0020794273989868536,950.2,98,False
2026-10-02,佐世保,7,078520261002,1790904900,1790904600,1388,near_close_v2_20260805,trifecta,3連単,48,3-1-2,0.0020355462047867644,841.4,71,False
2026-10-02,佐世保,7,078520261002,1790904900,1790904600,1388,near_close_v2_20260805,trifecta,3連単,49,1-3-7,0.0020024659449134853,356.3,-29,False
2026-10-02,佐世保,7,078520261002,1790904900,1790904600,1388,near_close_v2_20260805,trifecta,3連単,50,7-1-3,0.0019923476668642524,288.6,-43,False
2026-10-02,佐世保,7,078520261002,1790904900,1790904600,1388,near_close_v2_20260805,trifecta,3連単,51,3-2-1,0.001905509173708417,1027.0,96,False
2026-10-02,佐世保,7,078520261002,1790904900,1790904600,1388,near_close_v2_20260805,trifecta,3連単,52,3-1-7,0.001725488550033934,618.0,7,False
2026-10-02,佐世保,7,078520261002,1790904900,1790904600,1388,near_close_v2_20260805,trifecta,3連単,53,7-3-1,0.0016784383108036246,502.4,-16,False
2026-10-02,佐世保,7,078520261002,1790904900,1790904600,1388,near_close_v2_20260805,trifecta,3連単,54,3-7-1,0.0015748866138772764,594.4,-6,False
2026-10-02,佐世保,7,078520261002,1790904900,1790904600,1388,near_close_v2_20260805,trifecta,3連単,55,2-7-3,0.0013769369696886367,268.6,-63,False
2026-10-02,佐世保,7,078520261002,1790904900,1790904600,1388,near_close_v2_20260805,trifecta,3連単,56,7-2-3,0.0013447372482775152,171.3,-77,False
2026-10-02,佐世保,7,078520261002,1790904900,1790904600,1388,near_close_v2_20260805,trifecta,3連単,57,2-3-7,0.0012776896668042575,759.1,-3,False
2026-10-02,佐世保,7,078520261002,1790904900,1790904600,1388,near_close_v2_20260805,trifecta,3連単,58,7-3-2,0.0012166226217246467,531.1,-35,False
2026-10-02,佐世保,7,078520261002,1790904900,1790904600,1388,near_close_v2_20260805,trifecta,3連単,59,3-2-7,0.0011708268259012949,688.1,-19,False
2026-10-02,佐世保,7,078520261002,1790904900,1790904600,1388,near_close_v2_20260805,trifecta,3連単,60,3-7-2,0.0011415627662699354,709.0,-19,False
2026-10-02,佐世保,7,078520261002,1790904900,1790904600,1388,near_close_v2_20260805,trio,3連複,1,1-2-7,0.02922050076890746,19.0,-44,False
2026-10-02,佐世保,7,078520261002,1790904900,1790904600,1388,near_close_v2_20260805,trio,3連複,2,1-2-3,0.013500612674586266,88.2,19,False
2026-10-02,大宮,1,012520261002,1790905500,1790905200,1988,near_close_v2_20260805,exacta,2車単,1,2-7,0.17788946885521256,3.7,-34,False
2026-10-02,大宮,1,012520261002,1790905500,1790905200,1988,near_close_v2_20260805,exacta,2車単,2,7-2,0.1635744043821105,3.7,-39,False
2026-10-02,大宮,1,012520261002,1790905500,1790905200,1988,near_close_v2_20260805,exacta,2車単,3,2-3,0.0626417621911969,52.5,229,False
2026-10-02,大宮,1,012520261002,1790905500,1790905200,1988,near_close_v2_20260805,exacta,2車単,4,7-3,0.048831897352119714,22.7,11,False
2026-10-02,大宮,1,012520261002,1790905500,1790905200,1988,near_close_v2_20260805,exacta,2車単,5,2-4,0.04742569410506119,19.2,-9,False
2026-10-02,大宮,1,012520261002,1790905500,1790905200,1988,near_close_v2_20260805,exacta,2車単,6,2-1,0.04635075045094498,33.3,54,False
2026-10-02,大宮,1,012520261002,1790905500,1790905200,1988,near_close_v2_20260805,exacta,2車単,7,3-2,0.04464070125855913,75.8,238,False
2026-10-02,大宮,1,012520261002,1790905500,1790905200,1988,near_close_v2_20260805,exacta,2車単,8,3-7,0.037844740500938535,25.7,-3,False
2026-10-02,大宮,1,012520261002,1790905500,1790905200,1988,near_close_v2_20260805,exacta,2車単,9,7-4,0.0369703301021891,19.7,-27,False
2026-10-02,大宮,1,012520261002,1790905500,1790905200,1988,near_close_v2_20260805,exacta,2車単,10,7-1,0.0361323661570354,52.5,90,False
2026-10-02,大宮,1,012520261002,1790905500,1790905200,1988,near_close_v2_20260805,exacta,2車単,11,4-2,0.03282216860862571,25.7,-16,False
2026-10-02,大宮,1,012520261002,1790905500,1790905200,1988,near_close_v2_20260805,exacta,2車単,12,1-2,0.03201298118544204,45.5,46,False
2026-10-02,大宮,1,012520261002,1790905500,1790905200,1988,near_close_v2_20260805,exacta,2車単,13,4-7,0.02782542430229699,24.3,-32,False
2026-10-02,大宮,1,012520261002,1790905500,1790905200,1988,near_close_v2_20260805,exacta,2車単,14,1-7,0.02713942504189922,68.2,85,False
2026-10-02,大宮,1,012520261002,1790905500,1790905200,1988,near_close_v2_20260805,exacta,2車単,15,3-4,0.01008948476845339,32.5,-67,False
2026-10-02,大宮,1,012520261002,1790905500,1790905200,1988,near_close_v2_20260805,exacta,2車単,16,3-1,0.009860798023223582,85.3,-16,False
2026-10-02,大宮,1,012520261002,1790905500,1790905200,1988,near_close_v2_20260805,exacta,2車単,17,4-3,0.00979840809706574,21.3,-79,False
2026-10-02,大宮,1,012520261002,1790905500,1790905200,1988,near_close_v2_20260805,exacta,2車単,18,1-3,0.009556841225177727,151.7,45,False
2026-10-02,大宮,1,012520261002,1790905500,1790905200,1988,near_close_v2_20260805,exacta,2車単,19,4-1,0.007250172291408444,68.2,-51,False
2026-10-02,大宮,1,012520261002,1790905500,1790905200,1988,near_close_v2_20260805,exacta,2車単,20,1-4,0.0072354258996183115,54.6,-60,False
2026-10-02,大宮,1,012520261002,1790905500,1790905200,1988,near_close_v2_20260805,quinella,2車複,1,2-7,0.3414638732373231,1.8,-39,False
2026-10-02,大宮,1,012520261002,1790905500,1790905200,1988,near_close_v2_20260805,quinella,2車複,2,2-3,0.10728246344975603,27.5,195,False
2026-10-02,大宮,1,012520261002,1790905500,1790905200,1988,near_close_v2_20260805,quinella,2車複,3,2-4,0.0802478627136869,8.5,-32,False
2026-10-02,大宮,1,012520261002,1790905500,1790905200,1988,near_close_v2_20260805,quinella,2車複,4,3-4,0.019887892865519133,13.6,-73,False
2026-10-02,大宮,1,012520261002,1790905500,1790905200,1988,near_close_v2_20260805,quinella_place,ワイド,1,2-7,0.5683934636472604,1.0,-43,False
2026-10-02,大宮,1,012520261002,1790905500,1790905200,1988,near_close_v2_20260805,quinella_place,ワイド,2,2-3,0.314048127403984,5.1,60,False
2026-10-02,大宮,1,012520261002,1790905500,1790905200,1988,near_close_v2_20260805,quinella_place,ワイド,3,2-4,0.24171001849141585,4.0,-3,False
2026-10-02,大宮,1,012520261002,1790905500,1790905200,1988,near_close_v2_20260805,quinella_place,ワイド,4,3-4,0.07899870408657203,7.4,-42,False
2026-10-02,大宮,1,012520261002,1790905500,1790905200,1988,near_close_v2_20260805,trifecta,3連単,1,2-7-3,0.05954807217945506,34.5,105,False
2026-10-02,大宮,1,012520261002,1790905500,1790905200,1988,near_close_v2_20260805,trifecta,3連単,2,7-2-3,0.054756138750323036,29.7,63,False
2026-10-02,大宮,1,012520261002,1790905500,1790905200,1988,near_close_v2_20260805,trifecta,3連単,3,2-7-4,0.045083480364251555,11.2,-50,False
2026-10-02,大宮,1,012520261002,1790905500,1790905200,1988,near_close_v2_20260805,trifecta,3連単,4,2-7-1,0.04406162497473068,21.2,-7,False
2026-10-02,大宮,1,012520261002,1790905500,1790905200,1988,near_close_v2_20260805,trifecta,3連単,5,7-2-4,0.04145553694388318,14.2,-41,False
2026-10-02,大宮,1,012520261002,1790905500,1790905200,1988,near_close_v2_20260805,trifecta,3連単,6,7-2-1,0.040515911974618866,19.4,-21,False
2026-10-02,大宮,1,012520261002,1790905500,1790905200,1988,near_close_v2_20260805,trifecta,3連単,7,2-3-7,0.03685212445569291,93.9,246,False
2026-10-02,大宮,1,012520261002,1790905500,1790905200,1988,near_close_v2_20260805,trifecta,3連単,8,7-3-2,0.030648725184287615,106.1,225,False
2026-10-02,大宮,1,012520261002,1790905500,1790905200,1988,near_close_v2_20260805,trifecta,3連単,9,2-4-7,0.02656379607680524,36.1,-4,False
2026-10-02,大宮,1,012520261002,1790905500,1790905200,1988,near_close_v2_20260805,trifecta,3連単,10,3-2-7,0.02626210727515287,95.0,149,False
2026-10-02,大宮,1,012520261002,1790905500,1790905200,1988,near_close_v2_20260805,trifecta,3連単,11,2-1-7,0.025874130567160713,84.9,120,False
2026-10-02,大宮,1,012520261002,1790905500,1790905200,1988,near_close_v2_20260805,trifecta,3連単,12,3-7-2,0.023752774603864442,108.7,158,False
2026-10-02,大宮,1,012520261002,1790905500,1790905200,1988,near_close_v2_20260805,trifecta,3連単,13,7-4-2,0.022193852917297432,43.9,-3,False
2026-10-02,大宮,1,012520261002,1790905500,1790905200,1988,near_close_v2_20260805,trifecta,3連単,14,7-1-2,0.021624308859282366,77.4,67,False
2026-10-02,大宮,1,012520261002,1790905500,1790905200,1988,near_close_v2_20260805,trifecta,3連単,15,4-2-7,0.01838415673551536,67.0,23,False
2026-10-02,大宮,1,012520261002,1790905500,1790905200,1988,near_close_v2_20260805,trifecta,3連単,16,1-2-7,0.017870434609528515,172.1,208,False
2026-10-02,大宮,1,012520261002,1790905500,1790905200,1988,near_close_v2_20260805,trifecta,3連単,17,4-7-2,0.016704026515846723,78.6,31,False
2026-10-02,大宮,1,012520261002,1790905500,1790905200,1988,near_close_v2_20260805,trifecta,3連単,18,1-7-2,0.016242260659563815,184.4,200,False
2026-10-02,大宮,1,012520261002,1790905500,1790905200,1988,near_close_v2_20260805,trifecta,3連単,19,2-3-4,0.009824851312473428,153.4,51,False
2026-10-02,大宮,1,012520261002,1790905500,1790905200,1988,near_close_v2_20260805,trifecta,3連単,20,2-3-1,0.009602162709380288,413.2,297,False
2026-10-02,大宮,1,012520261002,1790905500,1790905200,1988,near_close_v2_20260805,trifecta,3連単,21,2-4-3,0.009354140003043377,118.7,11,False
2026-10-02,大宮,1,012520261002,1790905500,1790905200,1988,near_close_v2_20260805,trifecta,3連単,22,2-1-3,0.009111282102996545,418.8,282,False
2026-10-02,大宮,1,012520261002,1790905500,1790905200,1988,near_close_v2_20260805,trifecta,3連単,23,3-2-4,0.007001531199125878,187.8,31,False
2026-10-02,大宮,1,012520261002,1790905500,1790905200,1988,near_close_v2_20260805,trifecta,3連単,24,7-3-4,0.006927083069961719,76.1,-47,False
2026-10-02,大宮,1,012520261002,1790905500,1790905200,1988,near_close_v2_20260805,trifecta,3連単,25,2-4-1,0.006921443359797364,108.3,-25,False
2026-10-02,大宮,1,012520261002,1790905500,1790905200,1988,near_close_v2_20260805,trifecta,3連単,26,2-1-4,0.006898095819889905,203.9,41,False
2026-10-02,大宮,1,012520261002,1790905500,1790905200,1988,near_close_v2_20260805,trifecta,3連単,27,3-2-1,0.006842835545353805,373.4,156,False
2026-10-02,大宮,1,012520261002,1790905500,1790905200,1988,near_close_v2_20260805,trifecta,3連単,28,7-3-1,0.00677007484629512,233.0,58,False
2026-10-02,大宮,1,012520261002,1790905500,1790905200,1988,near_close_v2_20260805,trifecta,3連単,29,7-4-3,0.006625535037705684,78.8,-48,False
2026-10-02,大宮,1,012520261002,1790905500,1790905200,1988,near_close_v2_20260805,trifecta,3連単,30,4-2-3,0.006473772628154647,151.9,-2,False
2026-10-02,大宮,1,012520261002,1790905500,1790905200,1988,near_close_v2_20260805,trifecta,3連単,31,7-1-3,0.006455508944176205,244.0,58,False
2026-10-02,大宮,1,012520261002,1790905500,1790905200,1988,near_close_v2_20260805,trifecta,3連単,32,1-2-3,0.006292871198432486,430.4,171,False
2026-10-02,大宮,1,012520261002,1790905500,1790905200,1988,near_close_v2_20260805,trifecta,3連単,33,3-7-4,0.005368492223859211,163.9,-12,False
2026-10-02,大宮,1,012520261002,1790905500,1790905200,1988,near_close_v2_20260805,trifecta,3連単,34,3-7-1,0.00524681078604144,234.8,23,False
2026-10-02,大宮,1,012520261002,1790905500,1790905200,1988,near_close_v2_20260805,trifecta,3連単,35,4-7-3,0.004986656141406204,138.3,-31,False
2026-10-02,大宮,1,012520261002,1790905500,1790905200,1988,near_close_v2_20260805,trifecta,3連単,36,7-4-1,0.004902456610325776,110.6,-46,False
2026-10-02,大宮,1,012520261002,1790905500,1790905200,1988,near_close_v2_20260805,trifecta,3連単,37,7-1-4,0.004887426243606087,147.5,-28,False
2026-10-02,大宮,1,012520261002,1790905500,1790905200,1988,near_close_v2_20260805,trifecta,3連単,38,1-7-3,0.004848805094478065,659.4,220,False
2026-10-02,大宮,1,012520261002,1790905500,1790905200,1988,near_close_v2_20260805,trifecta,3連単,39,4-2-1,0.004790162490127434,187.8,-10,False
2026-10-02,大宮,1,012520261002,1790905500,1790905200,1988,near_close_v2_20260805,trifecta,3連単,40,1-2-4,0.00476429420341801,249.9,19,False
2026-10-02,大宮,1,012520261002,1790905500,1790905200,1988,near_close_v2_20260805,trifecta,3連単,41,3-4-2,0.004555022001448717,91.9,-58,False
2026-10-02,大宮,1,012520261002,1790905500,1790905200,1988,near_close_v2_20260805,trifecta,3連単,42,3-1-2,0.004441506397615297,673.8,199,False
2026-10-02,大宮,1,012520261002,1790905500,1790905200,1988,near_close_v2_20260805,trifecta,3連単,43,4-3-2,0.0044236118578480504,83.0,-63,False
2026-10-02,大宮,1,012520261002,1790905500,1790905200,1988,near_close_v2_20260805,trifecta,3連単,44,1-3-2,0.004304597999335582,755.9,225,False
2026-10-02,大宮,1,012520261002,1790905500,1790905200,1988,near_close_v2_20260805,trifecta,3連単,45,3-4-7,0.0038615796965743364,95.6,-63,False
2026-10-02,大宮,1,012520261002,1790905500,1790905200,1988,near_close_v2_20260805,trifecta,3連単,46,3-1-7,0.0037653453532784987,659.4,148,False
2026-10-02,大宮,1,012520261002,1790905500,1790905200,1988,near_close_v2_20260805,trifecta,3連単,47,4-3-7,0.0037501750222849787,73.4,-72,False
2026-10-02,大宮,1,012520261002,1790905500,1790905200,1988,near_close_v2_20260805,trifecta,3連単,48,4-7-1,0.0036897948957680003,201.2,-26,False
2026-10-02,大宮,1,012520261002,1790905500,1790905200,1988,near_close_v2_20260805,trifecta,3連単,49,1-7-4,0.003671000609527796,364.6,34,False
2026-10-02,大宮,1,012520261002,1790905500,1790905200,1988,near_close_v2_20260805,trifecta,3連単,50,1-3-7,0.003649279461408094,659.4,141,False
2026-10-02,大宮,1,012520261002,1790905500,1790905200,1988,near_close_v2_20260805,trifecta,3連単,51,4-1-2,0.0031623380289944746,281.7,-11,False
2026-10-02,大宮,1,012520261002,1790905500,1790905200,1988,near_close_v2_20260805,trifecta,3連単,52,1-4-2,0.0031559060334950505,313.0,-1,False
2026-10-02,大宮,1,012520261002,1790905500,1790905200,1988,near_close_v2_20260805,trifecta,3連単,53,4-1-7,0.002680913576835871,344.3,-8,False
2026-10-02,大宮,1,012520261002,1790905500,1790905200,1988,near_close_v2_20260805,trifecta,3連単,54,1-4-7,0.002675460768216915,392.3,5,False
2026-10-02,大宮,1,012520261002,1790905500,1790905200,1988,near_close_v2_20260805,trifecta,3連単,55,3-4-1,0.0010061703934145408,169.3,-83,False
2026-10-02,大宮,1,012520261002,1790905500,1790905200,1988,near_close_v2_20260805,trifecta,3連単,56,3-1-4,0.0010038487273793838,476.8,-52,False
2026-10-02,大宮,1,012520261002,1790905500,1790905200,1988,near_close_v2_20260805,trifecta,3連単,57,4-3-1,0.0009771428726158943,142.1,-86,False
2026-10-02,大宮,1,012520261002,1790905500,1790905200,1988,near_close_v2_20260805,trifecta,3連単,58,1-3-4,0.0009729053246062992,508.1,-51,False
2026-10-02,大宮,1,012520261002,1790905500,1790905200,1988,near_close_v2_20260805,trifecta,3連単,59,4-1-3,0.0009440533597409905,462.6,-56,False
2026-10-02,大宮,1,012520261002,1790905500,1790905200,1988,near_close_v2_20260805,trifecta,3連単,60,1-4-3,0.0009421332149287039,484.3,-54,False
2026-10-02,大宮,1,012520261002,1790905500,1790905200,1988,near_close_v2_20260805,trio,3連複,1,2-3-4,0.0416329290020941,19.8,-18,False
2026-10-02,松阪,1,014720261002,1790906280,1790905980,2768,near_close_v2_20260805,exacta,2車単,1,1-7,0.10610405909309795,8.5,-10,False
2026-10-02,松阪,1,014720261002,1790906280,1790905980,2768,near_close_v2_20260805,exacta,2車単,2,1-3,0.09789661303976413,27.4,168,False
2026-10-02,松阪,1,014720261002,1790906280,1790905980,2768,near_close_v2_20260805,exacta,2車単,3,7-1,0.07822777957606286,12.1,-5,False
2026-10-02,松阪,1,014720261002,1790906280,1790905980,2768,near_close_v2_20260805,exacta,2車単,4,3-1,0.0710647868716591,20.3,44,False
2026-10-02,松阪,1,014720261002,1790906280,1790905980,2768,near_close_v2_20260805,exacta,2車単,5,1-2,0.054551525192982654,33.5,83,False
2026-10-02,松阪,1,014720261002,1790906280,1790905980,2768,near_close_v2_20260805,exacta,2車単,6,1-4,0.04187795408848191,53.1,122,False
2026-10-02,松阪,1,014720261002,1790906280,1790905980,2768,near_close_v2_20260805,exacta,2車単,7,2-1,0.03662060098165792,43.9,61,False
2026-10-02,松阪,1,014720261002,1790906280,1790905980,2768,near_close_v2_20260805,exacta,2車単,8,7-3,0.031395777427854744,34.5,8,False
2026-10-02,松阪,1,014720261002,1790906280,1790905980,2768,near_close_v2_20260805,exacta,2車単,9,3-7,0.030912136892282394,31.1,-4,False
2026-10-02,松阪,1,014720261002,1790906280,1790905980,2768,near_close_v2_20260805,exacta,2車単,10,4-1,0.027507693334721917,87.8,142,False
2026-10-02,松阪,1,014720261002,1790906280,1790905980,2768,near_close_v2_20260805,exacta,2車単,11,7-2,0.017494860037836308,42.7,-25,False
2026-10-02,松阪,1,014720261002,1790906280,1790905980,2768,near_close_v2_20260805,exacta,2車単,12,2-7,0.015929422720524822,56.2,-10,False
2026-10-02,松阪,1,014720261002,1790906280,1790905980,2768,near_close_v2_20260805,exacta,2車単,13,3-2,0.0158929284031318,22.1,-65,False
2026-10-02,松阪,1,014720261002,1790906280,1790905980,2768,near_close_v2_20260805,exacta,2車単,14,2-3,0.014697237272042179,48.3,-29,False
2026-10-02,松阪,1,014720261002,1790906280,1790905980,2768,near_close_v2_20260805,exacta,2車単,15,7-4,0.013430402593824664,79.2,6,False
2026-10-02,松阪,1,014720261002,1790906280,1790905980,2768,near_close_v2_20260805,exacta,2車単,16,3-4,0.012200636437631624,68.0,-17,False
2026-10-02,松阪,1,014720261002,1790906280,1790905980,2768,near_close_v2_20260805,exacta,2車単,17,4-7,0.011965441949322995,120.8,45,False
2026-10-02,松阪,1,014720261002,1790906280,1790905980,2768,near_close_v2_20260805,exacta,2車単,18,4-3,0.011039881512307122,115.0,27,False
2026-10-02,松阪,1,014720261002,1790906280,1790905980,2768,near_close_v2_20260805,exacta,2車単,19,2-4,0.006287145270859417,30.2,-81,False
2026-10-02,松阪,1,014720261002,1790906280,1790905980,2768,near_close_v2_20260805,exacta,2車単,20,4-2,0.006151820331123648,37.1,-77,False
2026-10-02,松阪,1,014720261002,1790906280,1790905980,2768,near_close_v2_20260805,quinella,2車複,1,1-7,0.1843318386691608,4.5,-17,False
2026-10-02,松阪,1,014720261002,1790906280,1790905980,2768,near_close_v2_20260805,quinella,2車複,2,1-3,0.16896139991142323,8.8,49,False
2026-10-02,松阪,1,014720261002,1790906280,1790905980,2768,near_close_v2_20260805,quinella,2車複,3,1-2,0.09117212617464057,14.2,29,False
2026-10-02,松阪,1,014720261002,1790906280,1790905980,2768,near_close_v2_20260805,quinella,2車複,4,1-4,0.06938564742320383,36.6,154,False
2026-10-02,松阪,1,014720261002,1790906280,1790905980,2768,near_close_v2_20260805,quinella,2車複,5,3-4,0.023240517949938748,39.4,-8,False
2026-10-02,松阪,1,014720261002,1790906280,1790905980,2768,near_close_v2_20260805,quinella,2車複,6,2-4,0.012438965601983066,15.6,-81,False
2026-10-02,松阪,1,014720261002,1790906280,1790905980,2768,near_close_v2_20260805,quinella_place,ワイド,1,1-7,0.3059571657940373,2.3,-30,False
2026-10-02,松阪,1,014720261002,1790906280,1790905980,2768,near_close_v2_20260805,quinella_place,ワイド,2,1-3,0.2920942934261872,2.3,-33,False
2026-10-02,松阪,1,014720261002,1790906280,1790905980,2768,near_close_v2_20260805,quinella_place,ワイド,3,1-2,0.18481831571294138,5.1,-6,False
2026-10-02,松阪,1,014720261002,1790906280,1790905980,2768,near_close_v2_20260805,quinella_place,ワイド,4,1-4,0.14557022856729257,16.6,142,False
2026-10-02,松阪,1,014720261002,1790906280,1790905980,2768,near_close_v2_20260805,quinella_place,ワイド,5,3-4,0.07956768779352724,14.7,17,False
2026-10-02,松阪,1,014720261002,1790906280,1790905980,2768,near_close_v2_20260805,quinella_place,ワイド,6,2-4,0.044006199010518755,11.5,-49,False
2026-10-02,松阪,1,014720261002,1790906280,1790905980,2768,near_close_v2_20260805,trifecta,3連単,1,1-7-3,0.03701032602277233,54.5,102,False
2026-10-02,松阪,1,014720261002,1790906280,1790905980,2768,near_close_v2_20260805,trifecta,3連単,2,1-3-7,0.03595876130682936,92.8,234,False
2026-10-02,松阪,1,014720261002,1790906280,1790905980,2768,near_close_v2_20260805,trifecta,3連単,3,7-1-3,0.02728675651896895,83.8,129,False
2026-10-02,松阪,1,014720261002,1790906280,1790905980,2768,near_close_v2_20260805,trifecta,3連単,4,3-1-7,0.02610306556163209,75.4,97,False
2026-10-02,松阪,1,014720261002,1790906280,1790905980,2768,near_close_v2_20260805,trifecta,3連単,5,1-7-2,0.020623489104895705,42.4,-13,False
2026-10-02,松阪,1,014720261002,1790906280,1790905980,2768,near_close_v2_20260805,trifecta,3連単,6,1-3-2,0.018487561080173166,174.4,222,False
2026-10-02,松阪,1,014720261002,1790906280,1790905980,2768,near_close_v2_20260805,trifecta,3連単,7,7-3-1,0.01794814986816292,157.1,182,False
2026-10-02,松阪,1,014720261002,1790906280,1790905980,2768,near_close_v2_20260805,trifecta,3連単,8,3-7-1,0.017671665145504972,112.8,99,False
2026-10-02,松阪,1,014720261002,1790906280,1790905980,2768,near_close_v2_20260805,trifecta,3連単,9,1-2-7,0.017423125474063064,144.2,151,False
2026-10-02,松阪,1,014720261002,1790906280,1790905980,2768,near_close_v2_20260805,trifecta,3連単,10,1-2-3,0.01607539793535158,206.7,232,False
2026-10-02,松阪,1,014720261002,1790906280,1790905980,2768,near_close_v2_20260805,trifecta,3連単,11,1-7-4,0.015832179335477665,124.7,97,False
2026-10-02,松阪,1,014720261002,1790906280,1790905980,2768,near_close_v2_20260805,trifecta,3連単,12,7-1-2,0.015205165321446801,60.9,-7,False
2026-10-02,松阪,1,014720261002,1790906280,1790905980,2768,near_close_v2_20260805,trifecta,3連単,13,1-3-4,0.014192476404364409,279.6,297,False
2026-10-02,松阪,1,014720261002,1790906280,1790905980,2768,near_close_v2_20260805,trifecta,3連単,14,3-1-2,0.013420429442289633,103.5,39,False
2026-10-02,松阪,1,014720261002,1790906280,1790905980,2768,near_close_v2_20260805,trifecta,3連単,15,1-4-7,0.012883825156331472,316.9,308,False
2026-10-02,松阪,1,014720261002,1790906280,1790905980,2768,near_close_v2_20260805,trifecta,3連単,16,1-4-3,0.011887225206857395,461.9,449,False
2026-10-02,松阪,1,014720261002,1790906280,1790905980,2768,near_close_v2_20260805,trifecta,3連単,17,2-1-7,0.011696195909864298,254.1,197,False
2026-10-02,松阪,1,014720261002,1790906280,1790905980,2768,near_close_v2_20260805,trifecta,3連単,18,7-1-4,0.011672656502026408,174.7,104,False
2026-10-02,松阪,1,014720261002,1790906280,1790905980,2768,near_close_v2_20260805,trifecta,3連単,19,2-1-3,0.010791462407866924,331.7,258,False
2026-10-02,松阪,1,014720261002,1790906280,1790905980,2768,near_close_v2_20260805,trifecta,3連単,20,3-1-4,0.010302555722203946,157.8,63,False
2026-10-02,松阪,1,014720261002,1790906280,1790905980,2768,near_close_v2_20260805,trifecta,3連単,21,7-2-1,0.009079057837145072,172.6,57,False
2026-10-02,松阪,1,014720261002,1790906280,1790905980,2768,near_close_v2_20260805,trifecta,3連単,22,4-1-7,0.008462789529539527,388.1,228,False
2026-10-02,松阪,1,014720261002,1790906280,1790905980,2768,near_close_v2_20260805,trifecta,3連単,23,2-7-1,0.008266665173610853,276.9,129,False
2026-10-02,松阪,1,014720261002,1790906280,1790905980,2768,near_close_v2_20260805,trifecta,3連単,24,3-2-1,0.00810618037509272,95.8,-22,False
2026-10-02,松阪,1,014720261002,1790906280,1790905980,2768,near_close_v2_20260805,trifecta,3連単,25,4-1-3,0.0078081690643274455,687.4,437,False
2026-10-02,松阪,1,014720261002,1790906280,1790905980,2768,near_close_v2_20260805,trifecta,3連単,26,2-3-1,0.007496318697266176,276.9,108,False
2026-10-02,松阪,1,014720261002,1790906280,1790905980,2768,near_close_v2_20260805,trifecta,3連単,27,1-2-4,0.006876691192751323,256.4,76,False
2026-10-02,松阪,1,014720261002,1790906280,1790905980,2768,near_close_v2_20260805,trifecta,3連単,28,7-4-1,0.006786790579747039,410.4,179,False
2026-10-02,松阪,1,014720261002,1790906280,1790905980,2768,near_close_v2_20260805,trifecta,3連単,29,1-4-2,0.006623990812461944,271.6,80,False
2026-10-02,松阪,1,014720261002,1790906280,1790905980,2768,near_close_v2_20260805,trifecta,3連単,30,3-4-1,0.006062275388392034,326.0,98,False
2026-10-02,松阪,1,014720261002,1790906280,1790905980,2768,near_close_v2_20260805,trifecta,3連単,31,4-7-1,0.0060465014460187915,553.9,235,False
2026-10-02,松阪,1,014720261002,1790906280,1790905980,2768,near_close_v2_20260805,trifecta,3連単,32,4-3-1,0.005485517278131064,626.9,244,False
2026-10-02,松阪,1,014720261002,1790906280,1790905980,2768,near_close_v2_20260805,trifecta,3連単,33,2-1-4,0.004616343234271696,283.1,31,False
2026-10-02,松阪,1,014720261002,1790906280,1790905980,2768,near_close_v2_20260805,trifecta,3連単,34,4-1-2,0.004350993545105723,326.9,42,False
2026-10-02,松阪,1,014720261002,1790906280,1790905980,2768,near_close_v2_20260805,trifecta,3連単,35,7-3-2,0.004013924101940155,352.1,41,False
2026-10-02,松阪,1,014720261002,1790906280,1790905980,2768,near_close_v2_20260805,trifecta,3連単,36,3-7-2,0.003952091060638023,240.7,-5,False
2026-10-02,松阪,1,014720261002,1790906280,1790905980,2768,near_close_v2_20260805,trifecta,3連単,37,7-2-3,0.0036437705461455842,398.9,45,False
2026-10-02,松阪,1,014720261002,1790906280,1790905980,2768,near_close_v2_20260805,trifecta,3連単,38,3-2-7,0.0035260692173880444,150.1,-47,False
2026-10-02,松阪,1,014720261002,1790906280,1790905980,2768,near_close_v2_20260805,trifecta,3連単,39,2-7-3,0.003317726532285488,620.1,106,False
2026-10-02,松阪,1,014720261002,1790906280,1790905980,2768,near_close_v2_20260805,trifecta,3連単,40,2-3-7,0.003260788358889481,530.7,73,False
2026-10-02,松阪,1,014720261002,1790906280,1790905980,2768,near_close_v2_20260805,trifecta,3連単,41,7-3-4,0.003081397424930733,538.2,66,False
2026-10-02,松阪,1,014720261002,1790906280,1790905980,2768,near_close_v2_20260805,trifecta,3連単,42,3-7-4,0.0030339296180153176,337.5,2,False
2026-10-02,松阪,1,014720261002,1790906280,1790905980,2768,near_close_v2_20260805,trifecta,3連単,43,2-4-1,0.002870516682179946,118.7,-66,False
2026-10-02,松阪,1,014720261002,1790906280,1790905980,2768,near_close_v2_20260805,trifecta,3連単,44,4-2-1,0.00280873148710469,213.6,-40,False
2026-10-02,松阪,1,014720261002,1790906280,1790905980,2768,near_close_v2_20260805,trifecta,3連単,45,7-4-3,0.0027237966825329556,776.2,111,False
2026-10-02,松阪,1,014720261002,1790906280,1790905980,2768,near_close_v2_20260805,trifecta,3連単,46,3-4-7,0.002637000614989868,460.1,21,False
2026-10-02,松阪,1,014720261002,1790906280,1790905980,2768,near_close_v2_20260805,trifecta,3連単,47,4-7-3,0.0024266905521947847,958.8,133,False
2026-10-02,松阪,1,014720261002,1790906280,1790905980,2768,near_close_v2_20260805,trifecta,3連単,48,4-3-7,0.002386119321413071,613.4,46,False
2026-10-02,松阪,1,014720261002,1790906280,1790905980,2768,near_close_v2_20260805,trifecta,3連単,49,7-2-4,0.0015587225226930596,354.3,-45,False
2026-10-02,松阪,1,014720261002,1790906280,1790905980,2768,near_close_v2_20260805,trifecta,3連単,50,7-4-2,0.0015177977943670554,475.4,-28,False
2026-10-02,松阪,1,014720261002,1790906280,1790905980,2768,near_close_v2_20260805,trifecta,3連単,51,2-7-4,0.0014192482771672066,511.6,-27,False
2026-10-02,松阪,1,014720261002,1790906280,1790905980,2768,near_close_v2_20260805,trifecta,3連単,52,3-2-4,0.001391695718907623,171.3,-76,False
2026-10-02,松阪,1,014720261002,1790906280,1790905980,2768,near_close_v2_20260805,trifecta,3連単,53,3-4-2,0.00135576722240486,333.6,-55,False
2026-10-02,松阪,1,014720261002,1790906280,1790905980,2768,near_close_v2_20260805,trifecta,3連単,54,4-7-2,0.0013522395380507818,832.9,13,False
2026-10-02,松阪,1,014720261002,1790906280,1790905980,2768,near_close_v2_20260805,trifecta,3連単,55,2-3-4,0.0012869926594044209,337.5,-57,False
2026-10-02,松阪,1,014720261002,1790906280,1790905980,2768,near_close_v2_20260805,trifecta,3連単,56,2-4-7,0.001248632530079593,281.0,-65,False
2026-10-02,松阪,1,014720261002,1790906280,1790905980,2768,near_close_v2_20260805,trifecta,3連単,57,4-3-2,0.0012267810429506473,652.0,-20,False
2026-10-02,松阪,1,014720261002,1790906280,1790905980,2768,near_close_v2_20260805,trifecta,3連単,58,4-2-7,0.0012217568791115273,440.5,-46,False
2026-10-02,松阪,1,014720261002,1790906280,1790905980,2768,near_close_v2_20260805,trifecta,3連単,59,2-4-3,0.0011520473078113847,298.7,-66,False
2026-10-02,松阪,1,014720261002,1790906280,1790905980,2768,near_close_v2_20260805,trifecta,3連単,60,4-2-3,0.0011272505636952717,467.6,-47,False
2026-10-02,松阪,1,014720261002,1790906280,1790905980,2768,near_close_v2_20260805,trio,3連複,1,1-3-4,0.05573821906427629,47.5,165,False
2026-10-02,松阪,1,014720261002,1790906280,1790905980,2768,near_close_v2_20260805,trio,3連複,2,1-2-4,0.028147266953875316,36.8,4,False
