date,venue,race_no,race_id,start_at,close_at,source_url,schedule_fetched_at_jst
2026-09-28,青森,1,011220260928,1790551800,1790551500,https://www.winticket.jp/keirin/aomori/racecard/2026092612/3/1,2026-09-28T03:34:46+09:00
2026-09-28,青森,2,021220260928,1790553000,1790552700,https://www.winticket.jp/keirin/aomori/racecard/2026092612/3/2,2026-09-28T03:34:46+09:00
2026-09-28,青森,3,031220260928,1790554260,1790553960,https://www.winticket.jp/keirin/aomori/racecard/2026092612/3/3,2026-09-28T03:34:46+09:00
2026-09-28,青森,4,041220260928,1790555520,1790555220,https://www.winticket.jp/keirin/aomori/racecard/2026092612/3/4,2026-09-28T03:34:46+09:00
2026-09-28,青森,5,051220260928,1790556780,1790556480,https://www.winticket.jp/keirin/aomori/racecard/2026092612/3/5,2026-09-28T03:34:46+09:00
2026-09-28,青森,6,061220260928,1790558040,1790557740,https://www.winticket.jp/keirin/aomori/racecard/2026092612/3/6,2026-09-28T03:34:46+09:00
2026-09-28,青森,7,071220260928,1790559300,1790559000,https://www.winticket.jp/keirin/aomori/racecard/2026092612/3/7,2026-09-28T03:34:46+09:00
2026-09-28,広島,1,016220260928,1790559900,1790559600,https://www.winticket.jp/keirin/hiroshima/racecard/2026092862/1/1,2026-09-28T03:34:46+09:00
2026-09-28,武雄,1,018420260928,1790560380,1790560080,https://www.winticket.jp/keirin/takeo/racecard/2026092784/2/1,2026-09-28T03:34:46+09:00
2026-09-28,岸和田,1,015620260928,1790560860,1790560560,https://www.winticket.jp/keirin/kishiwada/racecard/2026092656/3/1,2026-09-28T03:34:46+09:00
2026-09-28,広島,2,026220260928,1790561340,1790561040,https://www.winticket.jp/keirin/hiroshima/racecard/2026092862/1/2,2026-09-28T03:34:46+09:00
2026-09-28,武雄,2,028420260928,1790561820,1790561520,https://www.winticket.jp/keirin/takeo/racecard/2026092784/2/2,2026-09-28T03:34:46+09:00
2026-09-28,岸和田,2,025620260928,1790562300,1790562000,https://www.winticket.jp/keirin/kishiwada/racecard/2026092656/3/2,2026-09-28T03:34:46+09:00
2026-09-28,広島,3,036220260928,1790562780,1790562480,https://www.winticket.jp/keirin/hiroshima/racecard/2026092862/1/3,2026-09-28T03:34:46+09:00
2026-09-28,武雄,3,038420260928,1790563260,1790562960,https://www.winticket.jp/keirin/takeo/racecard/2026092784/2/3,2026-09-28T03:34:46+09:00
2026-09-28,岸和田,3,035620260928,1790563740,1790563440,https://www.winticket.jp/keirin/kishiwada/racecard/2026092656/3/3,2026-09-28T03:34:46+09:00
2026-09-28,広島,4,046220260928,1790564220,1790563920,https://www.winticket.jp/keirin/hiroshima/racecard/2026092862/1/4,2026-09-28T03:34:46+09:00
2026-09-28,武雄,4,048420260928,1790564700,1790564400,https://www.winticket.jp/keirin/takeo/racecard/2026092784/2/4,2026-09-28T03:34:46+09:00
2026-09-28,岸和田,4,045620260928,1790565180,1790564880,https://www.winticket.jp/keirin/kishiwada/racecard/2026092656/3/4,2026-09-28T03:34:46+09:00
2026-09-28,広島,5,056220260928,1790565660,1790565360,https://www.winticket.jp/keirin/hiroshima/racecard/2026092862/1/5,2026-09-28T03:34:46+09:00
2026-09-28,武雄,5,058420260928,1790566140,1790565840,https://www.winticket.jp/keirin/takeo/racecard/2026092784/2/5,2026-09-28T03:34:46+09:00
2026-09-28,岸和田,5,055620260928,1790566620,1790566320,https://www.winticket.jp/keirin/kishiwada/racecard/2026092656/3/5,2026-09-28T03:34:46+09:00
2026-09-28,広島,6,066220260928,1790567160,1790566860,https://www.winticket.jp/keirin/hiroshima/racecard/2026092862/1/6,2026-09-28T03:34:46+09:00
2026-09-28,武雄,6,068420260928,1790567700,1790567400,https://www.winticket.jp/keirin/takeo/racecard/2026092784/2/6,2026-09-28T03:34:46+09:00
2026-09-28,岸和田,6,065620260928,1790568240,1790567940,https://www.winticket.jp/keirin/kishiwada/racecard/2026092656/3/6,2026-09-28T03:34:46+09:00
2026-09-28,広島,7,076220260928,1790568780,1790568480,https://www.winticket.jp/keirin/hiroshima/racecard/2026092862/1/7,2026-09-28T03:34:46+09:00
2026-09-28,武雄,7,078420260928,1790569320,1790569020,https://www.winticket.jp/keirin/takeo/racecard/2026092784/2/7,2026-09-28T03:34:46+09:00
2026-09-28,岸和田,7,075620260928,1790569860,1790569560,https://www.winticket.jp/keirin/kishiwada/racecard/2026092656/3/7,2026-09-28T03:34:46+09:00
2026-09-28,広島,8,086220260928,1790570460,1790570160,https://www.winticket.jp/keirin/hiroshima/racecard/2026092862/1/8,2026-09-28T03:34:46+09:00
2026-09-28,武雄,8,088420260928,1790571060,1790570760,https://www.winticket.jp/keirin/takeo/racecard/2026092784/2/8,2026-09-28T03:34:46+09:00
2026-09-28,岸和田,8,085620260928,1790571660,1790571360,https://www.winticket.jp/keirin/kishiwada/racecard/2026092656/3/8,2026-09-28T03:34:46+09:00
2026-09-28,広島,9,096220260928,1790572260,1790571960,https://www.winticket.jp/keirin/hiroshima/racecard/2026092862/1/9,2026-09-28T03:34:46+09:00
2026-09-28,武雄,9,098420260928,1790572860,1790572560,https://www.winticket.jp/keirin/takeo/racecard/2026092784/2/9,2026-09-28T03:34:46+09:00
2026-09-28,岸和田,9,095620260928,1790573460,1790573160,https://www.winticket.jp/keirin/kishiwada/racecard/2026092656/3/9,2026-09-28T03:34:46+09:00
2026-09-28,広島,10,106220260928,1790574120,1790573820,https://www.winticket.jp/keirin/hiroshima/racecard/2026092862/1/10,2026-09-28T03:34:46+09:00
2026-09-28,武雄,10,108420260928,1790574780,1790574480,https://www.winticket.jp/keirin/takeo/racecard/2026092784/2/10,2026-09-28T03:34:46+09:00
2026-09-28,岸和田,10,105620260928,1790575440,1790575140,https://www.winticket.jp/keirin/kishiwada/racecard/2026092656/3/10,2026-09-28T03:34:46+09:00
2026-09-28,広島,11,116220260928,1790575980,1790575680,https://www.winticket.jp/keirin/hiroshima/racecard/2026092862/1/11,2026-09-28T03:34:46+09:00
2026-09-28,岐阜,1,014320260928,1790576400,1790576100,https://www.winticket.jp/keirin/gifu/racecard/2026092643/3/1,2026-09-28T03:34:46+09:00
2026-09-28,武雄,11,118420260928,1790576820,1790576520,https://www.winticket.jp/keirin/takeo/racecard/2026092784/2/11,2026-09-28T03:34:46+09:00
2026-09-28,平塚,1,013520260928,1790577240,1790576940,https://www.winticket.jp/keirin/hiratsuka/racecard/2026092835/1/1,2026-09-28T03:34:46+09:00
2026-09-28,岸和田,11,115620260928,1790577660,1790577360,https://www.winticket.jp/keirin/kishiwada/racecard/2026092656/3/11,2026-09-28T03:34:46+09:00
2026-09-28,岐阜,2,024320260928,1790578140,1790577840,https://www.winticket.jp/keirin/gifu/racecard/2026092643/3/2,2026-09-28T03:34:46+09:00
2026-09-28,広島,12,126220260928,1790578560,1790578260,https://www.winticket.jp/keirin/hiroshima/racecard/2026092862/1/12,2026-09-28T03:34:46+09:00
2026-09-28,平塚,2,023520260928,1790578980,1790578680,https://www.winticket.jp/keirin/hiratsuka/racecard/2026092835/1/2,2026-09-28T03:34:46+09:00
2026-09-28,武雄,12,128420260928,1790579400,1790579100,https://www.winticket.jp/keirin/takeo/racecard/2026092784/2/12,2026-09-28T03:34:46+09:00
2026-09-28,岐阜,3,034320260928,1790579820,1790579520,https://www.winticket.jp/keirin/gifu/racecard/2026092643/3/3,2026-09-28T03:34:46+09:00
2026-09-28,岸和田,12,125620260928,1790580300,1790580000,https://www.winticket.jp/keirin/kishiwada/racecard/2026092656/3/12,2026-09-28T03:34:46+09:00
2026-09-28,平塚,3,033520260928,1790580720,1790580420,https://www.winticket.jp/keirin/hiratsuka/racecard/2026092835/1/3,2026-09-28T03:34:46+09:00
2026-09-28,岐阜,4,044320260928,1790581320,1790581020,https://www.winticket.jp/keirin/gifu/racecard/2026092643/3/4,2026-09-28T03:34:46+09:00
2026-09-28,平塚,4,043520260928,1790582040,1790581740,https://www.winticket.jp/keirin/hiratsuka/racecard/2026092835/1/4,2026-09-28T03:34:46+09:00
2026-09-28,岐阜,5,054320260928,1790582880,1790582580,https://www.winticket.jp/keirin/gifu/racecard/2026092643/3/5,2026-09-28T03:34:46+09:00
2026-09-28,平塚,5,053520260928,1790583720,1790583420,https://www.winticket.jp/keirin/hiratsuka/racecard/2026092835/1/5,2026-09-28T03:34:46+09:00
2026-09-28,岐阜,6,064320260928,1790584560,1790584260,https://www.winticket.jp/keirin/gifu/racecard/2026092643/3/6,2026-09-28T03:34:46+09:00
2026-09-28,平塚,6,063520260928,1790585400,1790585100,https://www.winticket.jp/keirin/hiratsuka/racecard/2026092835/1/6,2026-09-28T03:34:46+09:00
2026-09-28,岐阜,7,074320260928,1790586240,1790585940,https://www.winticket.jp/keirin/gifu/racecard/2026092643/3/7,2026-09-28T03:34:46+09:00
2026-09-28,平塚,7,073520260928,1790587080,1790586780,https://www.winticket.jp/keirin/hiratsuka/racecard/2026092835/1/7,2026-09-28T03:34:46+09:00
2026-09-28,岐阜,8,084320260928,1790587920,1790587620,https://www.winticket.jp/keirin/gifu/racecard/2026092643/3/8,2026-09-28T03:34:46+09:00
2026-09-28,平塚,8,083520260928,1790588760,1790588460,https://www.winticket.jp/keirin/hiratsuka/racecard/2026092835/1/8,2026-09-28T03:34:46+09:00
2026-09-28,岐阜,9,094320260928,1790589600,1790589300,https://www.winticket.jp/keirin/gifu/racecard/2026092643/3/9,2026-09-28T03:34:46+09:00
2026-09-28,平塚,9,093520260928,1790590440,1790590140,https://www.winticket.jp/keirin/hiratsuka/racecard/2026092835/1/9,2026-09-28T03:34:46+09:00
2026-09-28,岐阜,10,104320260928,1790591340,1790591040,https://www.winticket.jp/keirin/gifu/racecard/2026092643/3/10,2026-09-28T03:34:46+09:00
2026-09-28,平塚,10,103520260928,1790592240,1790591940,https://www.winticket.jp/keirin/hiratsuka/racecard/2026092835/1/10,2026-09-28T03:34:46+09:00
2026-09-28,岐阜,11,114320260928,1790593140,1790592840,https://www.winticket.jp/keirin/gifu/racecard/2026092643/3/11,2026-09-28T03:34:46+09:00
2026-09-28,平塚,11,113520260928,1790594040,1790593740,https://www.winticket.jp/keirin/hiratsuka/racecard/2026092835/1/11,2026-09-28T03:34:46+09:00
2026-09-28,岐阜,12,124320260928,1790595000,1790594700,https://www.winticket.jp/keirin/gifu/racecard/2026092643/3/12,2026-09-28T03:34:46+09:00
2026-09-28,いわき平,1,011320260928,1790595600,1790595300,https://www.winticket.jp/keirin/iwakidaira/racecard/2026092713/2/1,2026-09-28T03:34:46+09:00
2026-09-28,玉野,1,016120260928,1790596200,1790595900,https://www.winticket.jp/keirin/tamano/racecard/2026092761/2/1,2026-09-28T03:34:46+09:00
2026-09-28,いわき平,2,021320260928,1790596800,1790596500,https://www.winticket.jp/keirin/iwakidaira/racecard/2026092713/2/2,2026-09-28T03:34:46+09:00
2026-09-28,玉野,2,026120260928,1790597400,1790597100,https://www.winticket.jp/keirin/tamano/racecard/2026092761/2/2,2026-09-28T03:34:46+09:00
2026-09-28,いわき平,3,031320260928,1790598000,1790597700,https://www.winticket.jp/keirin/iwakidaira/racecard/2026092713/2/3,2026-09-28T03:34:46+09:00
2026-09-28,玉野,3,036120260928,1790598600,1790598300,https://www.winticket.jp/keirin/tamano/racecard/2026092761/2/3,2026-09-28T03:34:46+09:00
2026-09-28,いわき平,4,041320260928,1790599200,1790598900,https://www.winticket.jp/keirin/iwakidaira/racecard/2026092713/2/4,2026-09-28T03:34:46+09:00
2026-09-28,玉野,4,046120260928,1790599800,1790599500,https://www.winticket.jp/keirin/tamano/racecard/2026092761/2/4,2026-09-28T03:34:46+09:00
2026-09-28,いわき平,5,051320260928,1790600400,1790600100,https://www.winticket.jp/keirin/iwakidaira/racecard/2026092713/2/5,2026-09-28T03:34:46+09:00
2026-09-28,玉野,5,056120260928,1790601000,1790600700,https://www.winticket.jp/keirin/tamano/racecard/2026092761/2/5,2026-09-28T03:34:46+09:00
2026-09-28,いわき平,6,061320260928,1790601600,1790601300,https://www.winticket.jp/keirin/iwakidaira/racecard/2026092713/2/6,2026-09-28T03:34:46+09:00
2026-09-28,玉野,6,066120260928,1790602200,1790601900,https://www.winticket.jp/keirin/tamano/racecard/2026092761/2/6,2026-09-28T03:34:46+09:00
2026-09-28,いわき平,7,071320260928,1790602800,1790602500,https://www.winticket.jp/keirin/iwakidaira/racecard/2026092713/2/7,2026-09-28T03:34:46+09:00
2026-09-28,玉野,7,076120260928,1790603400,1790603100,https://www.winticket.jp/keirin/tamano/racecard/2026092761/2/7,2026-09-28T03:34:46+09:00
2026-09-28,いわき平,8,081320260928,1790604000,1790603700,https://www.winticket.jp/keirin/iwakidaira/racecard/2026092713/2/8,2026-09-28T03:34:46+09:00
2026-09-28,玉野,8,086120260928,1790604600,1790604300,https://www.winticket.jp/keirin/tamano/racecard/2026092761/2/8,2026-09-28T03:34:46+09:00
2026-09-28,いわき平,9,091320260928,1790605200,1790604900,https://www.winticket.jp/keirin/iwakidaira/racecard/2026092713/2/9,2026-09-28T03:34:46+09:00
2026-09-28,玉野,9,096120260928,1790605800,1790605500,https://www.winticket.jp/keirin/tamano/racecard/2026092761/2/9,2026-09-28T03:34:46+09:00
