date,venue,race_no,race_id,rank_in_race,car_no,player_id,style,score,odds_win,p_win,expected_value_win,stake_yen,win_return_yen,win_profit_yen,loss_amount_yen,expected_profit_yen
2026-07-23,いわき平,1,011320260723,1,2,011990,追,72.63,,0.32174909865493717,,100,,,100,
2026-07-23,いわき平,1,011320260723,2,4,015984,逃,69.77,,0.2637332268166537,,100,,,100,
2026-07-23,いわき平,1,011320260723,3,1,014218,追,72.96,,0.19749481072977024,,100,,,100,
2026-07-23,いわき平,1,011320260723,4,5,014388,追,69.07,,0.11609594384283421,,100,,,100,
2026-07-23,いわき平,1,011320260723,5,3,012383,追,70.33,,0.05560748145103407,,100,,,100,
2026-07-23,いわき平,1,011320260723,6,7,013840,追,67.55,,0.023978563337044605,,100,,,100,
2026-07-23,いわき平,1,011320260723,7,6,011346,追,67.89,,0.021340875167726047,,100,,,100,
2026-07-23,いわき平,2,021320260723,1,2,014578,追,79.05,,0.6213402799510241,,100,,,100,
2026-07-23,いわき平,2,021320260723,2,3,014287,追,70.25,,0.19091692712694658,,100,,,100,
2026-07-23,いわき平,2,021320260723,3,1,012550,追,79.22,,0.08035906132877957,,100,,,100,
2026-07-23,いわき平,2,021320260723,4,4,015710,逃,68.0,,0.0585776561527513,,100,,,100,
2026-07-23,いわき平,2,021320260723,5,5,012547,追,67.93,,0.026979349655844496,,100,,,100,
2026-07-23,いわき平,2,021320260723,6,7,012970,追,64.71,,0.021826725784653996,,100,,,100,
2026-07-23,いわき平,3,031320260723,1,2,015886,逃,75.12,,0.6500982335109803,,100,,,100,
2026-07-23,いわき平,3,031320260723,2,1,012946,追,78.16,,0.12956193605548658,,100,,,100,
2026-07-23,いわき平,3,031320260723,3,3,013176,両,72.2,,0.099082650277614,,100,,,100,
2026-07-23,いわき平,3,031320260723,4,5,012725,両,70.05,,0.06959117368848355,,100,,,100,
2026-07-23,いわき平,3,031320260723,5,4,014006,追,70.65,,0.019164167870378498,,100,,,100,
2026-07-23,いわき平,3,031320260723,6,6,014425,追,69.45,,0.018669795634639403,,100,,,100,
2026-07-23,いわき平,3,031320260723,7,7,013513,追,66.75,,0.01383204296241778,,100,,,100,
2026-07-23,いわき平,4,041320260723,1,3,015967,逃,72.91,,0.38429770475451785,,100,,,100,
2026-07-23,いわき平,4,041320260723,2,1,014787,両,76.5,,0.2607859758838695,,100,,,100,
2026-07-23,いわき平,4,041320260723,3,2,014780,両,73.58,,0.18006277545094085,,100,,,100,
2026-07-23,いわき平,4,041320260723,4,4,013378,追,72.12,,0.11135269614439808,,100,,,100,
2026-07-23,いわき平,4,041320260723,5,7,014274,両,69.26,,0.02249065627121628,,100,,,100,
2026-07-23,いわき平,4,041320260723,6,5,013235,追,70.42,,0.022361322178816617,,100,,,100,
2026-07-23,いわき平,4,041320260723,7,6,012005,追,69.29,,0.018648869316240883,,100,,,100,
2026-07-23,いわき平,5,051320260723,1,1,014885,逃,81.52,,0.5148999161991822,,100,,,100,
2026-07-23,いわき平,5,051320260723,2,3,015962,逃,71.66,,0.21087637815904314,,100,,,100,
2026-07-23,いわき平,5,051320260723,3,2,014034,追,73.04,,0.18418401783211336,,100,,,100,
2026-07-23,いわき平,5,051320260723,4,4,014015,逃,70.65,,0.050499690618524114,,100,,,100,
2026-07-23,いわき平,5,051320260723,5,6,013080,追,68.13,,0.018842760104205398,,100,,,100,
2026-07-23,いわき平,5,051320260723,6,5,012406,追,70.0,,0.013403057561151201,,100,,,100,
2026-07-23,いわき平,5,051320260723,7,7,011803,追,67.22,,0.007294179525780528,,100,,,100,
2026-07-23,いわき平,6,061320260723,1,4,014216,両,75.4,,0.42377357280438743,,100,,,100,
2026-07-23,いわき平,6,061320260723,2,3,015960,逃,75.58,,0.31002835768138454,,100,,,100,
2026-07-23,いわき平,6,061320260723,3,2,012389,追,80.83,,0.11553378860701728,,100,,,100,
2026-07-23,いわき平,6,061320260723,4,1,014808,両,81.03,,0.11226634169345284,,100,,,100,
2026-07-23,いわき平,6,061320260723,5,5,014257,逃,71.58,,0.02924269044316701,,100,,,100,
2026-07-23,いわき平,6,061320260723,6,7,013030,追,67.78,,0.004683103289012077,,100,,,100,
2026-07-23,いわき平,6,061320260723,7,6,014154,追,68.55,,0.004472145481578838,,100,,,100,
2026-07-23,いわき平,7,071320260723,1,3,015881,逃,76.85,,0.5313887510809823,,100,,,100,
2026-07-23,いわき平,7,071320260723,2,2,015964,逃,77.25,,0.3236482336537685,,100,,,100,
2026-07-23,いわき平,7,071320260723,3,1,014418,追,81.34,,0.057309300614497495,,100,,,100,
2026-07-23,いわき平,7,071320260723,4,4,014434,追,74.14,,0.04252666487185716,,100,,,100,
2026-07-23,いわき平,7,071320260723,5,5,014072,両,72.14,,0.02822300079250949,,100,,,100,
2026-07-23,いわき平,7,071320260723,6,6,015295,逃,68.57,,0.01316851981248326,,100,,,100,
2026-07-23,いわき平,7,071320260723,7,7,014429,追,66.56,,0.0037355291739018266,,100,,,100,
2026-07-23,伊東,1,013720260723,1,1,015603,逃,86.95,,0.39893063477592916,,100,,,100,
2026-07-23,伊東,1,013720260723,2,3,015419,両,82.83,,0.2727716798375306,,100,,,100,
2026-07-23,伊東,1,013720260723,3,2,014459,両,83.46,,0.20618941351155928,,100,,,100,
2026-07-23,伊東,1,013720260723,4,4,013659,追,82.52,,0.054499664107844216,,100,,,100,
2026-07-23,伊東,1,013720260723,5,6,015045,逃,80.45,,0.04286319728912778,,100,,,100,
2026-07-23,伊東,1,013720260723,6,5,013171,追,80.86,,0.015570673249686588,,100,,,100,
2026-07-23,伊東,1,013720260723,7,7,013893,両,76.76,,0.00917473722832239,,100,,,100,
2026-07-23,伊東,2,023720260723,1,1,015277,逃,91.35,,0.6973618852976331,,100,,,100,
2026-07-23,伊東,2,023720260723,2,2,014410,追,90.15,,0.16700788943640768,,100,,,100,
2026-07-23,伊東,2,023720260723,3,4,014651,両,84.42,,0.06760630744615333,,100,,,100,
2026-07-23,伊東,2,023720260723,4,6,013668,逃,80.91,,0.023642725183362825,,100,,,100,
2026-07-23,伊東,2,023720260723,5,3,013296,追,86.79,,0.01958181845558194,,100,,,100,
2026-07-23,伊東,2,023720260723,6,7,013110,追,76.5,,0.016100507534808385,,100,,,100,
2026-07-23,伊東,2,023720260723,7,5,013155,追,81.14,,0.00869886664605265,,100,,,100,
2026-07-23,伊東,3,033720260723,1,1,013615,追,88.29,,0.46312385372047027,,100,,,100,
2026-07-23,伊東,3,033720260723,2,2,014383,追,85.33,,0.331330882553315,,100,,,100,
2026-07-23,伊東,3,033720260723,3,3,014058,追,84.12,,0.11245060997015571,,100,,,100,
2026-07-23,伊東,3,033720260723,4,6,014520,両,80.59,,0.04324872226954699,,100,,,100,
2026-07-23,伊東,3,033720260723,5,5,012960,追,81.88,,0.020777225661972907,,100,,,100,
2026-07-23,伊東,3,033720260723,6,4,013942,追,83.83,,0.018745886146906178,,100,,,100,
2026-07-23,伊東,3,033720260723,7,7,013761,追,80.37,,0.010322819677632888,,100,,,100,
2026-07-23,伊東,4,043720260723,1,2,012590,追,86.17,,0.43446476310108884,,100,,,100,
2026-07-23,伊東,4,043720260723,2,1,015526,逃,86.33,,0.38891394697579673,,100,,,100,
2026-07-23,伊東,4,043720260723,3,5,013594,両,82.75,,0.07676844008540314,,100,,,100,
2026-07-23,伊東,4,043720260723,4,3,013417,追,83.4,,0.03559341729189123,,100,,,100,
2026-07-23,伊東,4,043720260723,5,6,012128,追,80.2,,0.030507784137288153,,100,,,100,
2026-07-23,伊東,4,043720260723,6,4,011487,追,83.25,,0.01863719942496792,,100,,,100,
2026-07-23,伊東,4,043720260723,7,7,014227,追,78.42,,0.015114448983563924,,100,,,100,
2026-07-23,伊東,5,053720260723,1,1,015830,逃,92.78,,0.34467397779649844,,100,,,100,
2026-07-23,伊東,5,053720260723,2,4,014849,両,89.4,,0.2967041424458699,,100,,,100,
2026-07-23,伊東,5,053720260723,3,3,014570,両,91.33,,0.15753540372497377,,100,,,100,
2026-07-23,伊東,5,053720260723,4,2,014867,追,91.66,,0.1265073496113007,,100,,,100,
2026-07-23,伊東,5,053720260723,5,5,015617,逃,87.06,,0.04569879838863946,,100,,,100,
2026-07-23,伊東,5,053720260723,6,6,014226,両,85.14,,0.017314191438142983,,100,,,100,
2026-07-23,伊東,5,053720260723,7,7,013827,追,84.79,,0.01156613659457475,,100,,,100,
2026-07-23,伊東,6,063720260723,1,2,015791,逃,93.16,,0.7031925435038254,,100,,,100,
2026-07-23,伊東,6,063720260723,2,1,013747,追,96.35,,0.12803013477269995,,100,,,100,
2026-07-23,伊東,6,063720260723,3,4,013933,両,88.0,,0.049391523060190394,,100,,,100,
2026-07-23,伊東,6,063720260723,4,7,015882,逃,79.12,,0.04786703803424707,,100,,,100,
2026-07-23,伊東,6,063720260723,5,3,014455,追,90.55,,0.03573425895377389,,100,,,100,
2026-07-23,伊東,6,063720260723,6,5,013924,追,87.33,,0.02042886092903245,,100,,,100,
2026-07-23,伊東,6,063720260723,7,6,015237,逃,84.14,,0.015355640746230857,,100,,,100,
2026-07-23,伊東,7,073720260723,1,1,014080,両,96.73,,0.3357836321896386,,100,,,100,
2026-07-23,伊東,7,073720260723,2,4,014422,逃,87.59,,0.20088197874039104,,100,,,100,
2026-07-23,伊東,7,073720260723,3,2,014801,両,92.93,,0.16290680649697553,,100,,,100,
2026-07-23,伊東,7,073720260723,4,3,013473,追,88.19,,0.12328458817755603,,100,,,100,
2026-07-23,伊東,7,073720260723,5,6,014988,逃,85.09,,0.06422296216571209,,100,,,100,
2026-07-23,伊東,7,073720260723,6,7,015505,逃,82.83,,0.057514365888093215,,100,,,100,
2026-07-23,伊東,7,073720260723,7,5,013834,追,87.2,,0.05540566634163355,,100,,,100,
2026-07-23,佐世保,1,018520260723,1,3,015384,逃,83.52,,0.2878222032459301,,100,,,100,
2026-07-23,佐世保,1,018520260723,2,4,013099,追,82.61,,0.22844056928121947,,100,,,100,
2026-07-23,佐世保,1,018520260723,3,2,012130,追,87.07,,0.1564010792177828,,100,,,100,
2026-07-23,佐世保,1,018520260723,4,6,015085,両,72.75,,0.13347281203492728,,100,,,100,
2026-07-23,佐世保,1,018520260723,5,7,015481,逃,82.57,,0.11523603246818098,,100,,,100,
2026-07-23,佐世保,1,018520260723,6,1,013932,追,81.55,,0.05429958370472574,,100,,,100,
2026-07-23,佐世保,1,018520260723,7,5,015011,逃,78.25,,0.024327720047233593,,100,,,100,
2026-07-23,佐世保,2,028520260723,1,1,014783,逃,84.56,,0.4439857421957163,,100,,,100,
2026-07-23,佐世保,2,028520260723,2,2,013970,両,81.75,,0.2212739717271943,,100,,,100,
2026-07-23,佐世保,2,028520260723,3,4,014782,両,80.67,,0.19451047056048656,,100,,,100,
2026-07-23,佐世保,2,028520260723,4,7,013595,追,73.33,,0.06036119992411194,,100,,,100,
2026-07-23,佐世保,2,028520260723,5,5,014328,追,77.73,,0.03233139067152784,,100,,,100,
2026-07-23,佐世保,2,028520260723,6,3,013349,追,81.23,,0.02903386749822342,,100,,,100,
2026-07-23,佐世保,2,028520260723,7,6,014351,両,67.71,,0.018503357422739595,,100,,,100,
2026-07-23,佐世保,3,038520260723,1,7,015548,逃,84.84,,0.342129143393769,,100,,,100,
2026-07-23,佐世保,3,038520260723,2,3,014620,追,84.28,,0.30538796250341865,,100,,,100,
2026-07-23,佐世保,3,038520260723,3,5,014634,追,84.25,,0.1386647867029574,,100,,,100,
2026-07-23,佐世保,3,038520260723,4,6,014195,追,74.9,,0.06903274440649164,,100,,,100,
2026-07-23,佐世保,3,038520260723,5,1,013068,両,80.2,,0.06844381210774905,,100,,,100,
2026-07-23,佐世保,3,038520260723,6,2,014344,追,79.66,,0.041423183804639926,,100,,,100,
2026-07-23,佐世保,3,038520260723,7,4,014329,追,79.8,,0.034918367080974316,,100,,,100,
2026-07-23,佐世保,4,048520260723,1,7,015126,両,83.08,,0.4877855666975281,,100,,,100,
2026-07-23,佐世保,4,048520260723,2,3,013646,追,81.75,,0.21862712104102444,,100,,,100,
2026-07-23,佐世保,4,048520260723,3,5,014821,両,87.73,,0.15947387494316553,,100,,,100,
2026-07-23,佐世保,4,048520260723,4,2,014269,追,84.25,,0.05185622292373932,,100,,,100,
2026-07-23,佐世保,4,048520260723,5,1,014282,追,81.37,,0.03593180416296668,,100,,,100,
2026-07-23,佐世保,4,048520260723,6,4,014359,追,83.07,,0.032768613292372246,,100,,,100,
2026-07-23,佐世保,4,048520260723,7,6,012628,追,78.9,,0.01355679693920376,,100,,,100,
2026-07-23,佐世保,5,058520260723,1,1,015919,逃,93.86,,0.5751401875564686,,100,,,100,
2026-07-23,佐世保,5,058520260723,2,5,015547,両,98.51,,0.1645259183318092,,100,,,100,
2026-07-23,佐世保,5,058520260723,3,7,014084,追,94.09,,0.1355456230492744,,100,,,100,
2026-07-23,佐世保,5,058520260723,4,3,015507,逃,92.35,,0.05578718996418265,,100,,,100,
2026-07-23,佐世保,5,058520260723,5,4,015752,逃,88.14,,0.03734847957550842,,100,,,100,
2026-07-23,佐世保,5,058520260723,6,2,014119,追,91.29,,0.027217172253928543,,100,,,100,
2026-07-23,佐世保,5,058520260723,7,6,014070,追,85.63,,0.004435429268828211,,100,,,100,
2026-07-23,佐世保,6,068520260723,1,1,015346,逃,102.76,,0.6427041202310307,,100,,,100,
2026-07-23,佐世保,6,068520260723,2,2,014194,追,94.34,,0.10420097055180531,,100,,,100,
2026-07-23,佐世保,6,068520260723,3,7,013903,追,88.23,,0.07673742701099706,,100,,,100,
2026-07-23,佐世保,6,068520260723,4,4,015929,逃,87.66,,0.07643162219511282,,100,,,100,
2026-07-23,佐世保,6,068520260723,5,6,015665,両,86.29,,0.06303233527291315,,100,,,100,
2026-07-23,佐世保,6,068520260723,6,3,013054,追,87.55,,0.01936454426900119,,100,,,100,
2026-07-23,佐世保,6,068520260723,7,5,014185,追,87.16,,0.01752898046913972,,100,,,100,
2026-07-23,佐世保,7,078520260723,1,1,015928,逃,94.55,,0.5112346142731385,,100,,,100,
2026-07-23,佐世保,7,078520260723,2,7,015212,追,87.45,,0.15840837019262188,,100,,,100,
2026-07-23,佐世保,7,078520260723,3,3,014775,両,94.61,,0.13668557482746768,,100,,,100,
2026-07-23,佐世保,7,078520260723,4,5,015839,逃,92.33,,0.1297888819305859,,100,,,100,
2026-07-23,佐世保,7,078520260723,5,4,014591,両,88.63,,0.023604713770327072,,100,,,100,
2026-07-23,佐世保,7,078520260723,6,6,014340,追,85.0,,0.02066831570630337,,100,,,100,
2026-07-23,佐世保,7,078520260723,7,2,014933,追,87.16,,0.019609529299555558,,100,,,100,
2026-07-23,前橋,1,012220260723,1,7,015400,両,56.26,,0.9060895805914236,,100,,,100,
2026-07-23,前橋,1,012220260723,2,3,015394,追,51.62,,0.028189371198279772,,100,,,100,
2026-07-23,前橋,1,012220260723,3,6,015942,両,49.0,,0.022614987169688343,,100,,,100,
2026-07-23,前橋,1,012220260723,4,1,015027,両,50.41,,0.01702995683570855,,100,,,100,
2026-07-23,前橋,1,012220260723,5,4,015773,両,51.18,,0.013686602958829697,,100,,,100,
2026-07-23,前橋,1,012220260723,6,2,015673,追,47.29,,0.008964697316588468,,100,,,100,
2026-07-23,前橋,1,012220260723,7,5,015946,両,45.53,,0.0034248039294815387,,100,,,100,
2026-07-23,前橋,2,022220260723,1,4,015218,逃,57.45,,0.7849997186782225,,100,,,100,
2026-07-23,前橋,2,022220260723,2,2,015765,両,56.27,,0.1823613423608413,,100,,,100,
2026-07-23,前橋,2,022220260723,3,7,015498,追,50.85,,0.014244675586229867,,100,,,100,
2026-07-23,前橋,2,022220260723,4,6,015135,追,49.63,,0.007129555450888726,,100,,,100,
2026-07-23,前橋,2,022220260723,5,3,015957,両,48.05,,0.005189559569242845,,100,,,100,
2026-07-23,前橋,2,022220260723,6,1,015217,追,46.5,,0.0038393985687962292,,100,,,100,
2026-07-23,前橋,2,022220260723,7,5,015945,両,45.48,,0.0022357497857786158,,100,,,100,
2026-07-23,前橋,3,032220260723,1,7,015501,逃,56.46,,0.8468271344431422,,100,,,100,
2026-07-23,前橋,3,032220260723,2,5,015586,両,54.92,,0.07136088221897999,,100,,,100,
2026-07-23,前橋,3,032220260723,3,4,015756,逃,53.75,,0.059166568562604514,,100,,,100,
2026-07-23,前橋,3,032220260723,4,1,015490,両,50.3,,0.008409161958576845,,100,,,100,
2026-07-23,前橋,3,032220260723,5,2,015399,両,50.48,,0.0077821581139466064,,100,,,100,
2026-07-23,前橋,3,032220260723,6,3,015309,追,48.6,,0.0036103169276767368,,100,,,100,
2026-07-23,前橋,3,032220260723,7,6,015317,両,47.16,,0.0028437777750730526,,100,,,100,
2026-07-23,前橋,4,042220260723,1,5,015219,逃,56.57,,0.8055177534627547,,100,,,100,
2026-07-23,前橋,4,042220260723,2,3,015320,両,56.0,,0.15271043871590037,,100,,,100,
2026-07-23,前橋,4,042220260723,3,1,015669,追,52.82,,0.02147983132105144,,100,,,100,
2026-07-23,前橋,4,042220260723,4,2,015944,両,48.39,,0.006493505030049702,,100,,,100,
2026-07-23,前橋,4,042220260723,5,7,015226,両,48.27,,0.004917987307118314,,100,,,100,
2026-07-23,前橋,4,042220260723,6,4,015774,両,48.16,,0.004795980381413649,,100,,,100,
2026-07-23,前橋,4,042220260723,7,6,015017,追,47.59,,0.004084503781711951,,100,,,100,
2026-07-23,前橋,5,052220260723,1,5,014500,追,103.85,,0.3859316118116761,,100,,,100,
2026-07-23,前橋,5,052220260723,2,9,015329,逃,103.1,,0.2633410629020717,,100,,,100,
2026-07-23,前橋,5,052220260723,3,1,014523,追,104.13,,0.1148009667424916,,100,,,100,
2026-07-23,前橋,5,052220260723,4,7,013850,両,101.2,,0.07846725853566874,,100,,,100,
2026-07-23,前橋,5,052220260723,5,2,014004,追,99.61,,0.06192168066643698,,100,,,100,
2026-07-23,前橋,5,052220260723,6,3,014262,追,99.17,,0.03439785112288687,,100,,,100,
2026-07-23,前橋,5,052220260723,7,8,015430,逃,93.38,,0.02375499155657648,,100,,,100,
2026-07-23,前橋,5,052220260723,8,4,014881,追,97.32,,0.022634313742437843,,100,,,100,
2026-07-23,前橋,5,052220260723,9,6,013670,追,93.06,,0.014750262919753681,,100,,,100,
2026-07-23,前橋,6,062220260723,1,5,015604,両,103.72,,0.29195267142306286,,100,,,100,
2026-07-23,前橋,6,062220260723,2,2,014811,逃,98.4,,0.28958277952065403,,100,,,100,
2026-07-23,前橋,6,062220260723,3,3,015123,追,100.0,,0.17773395713884385,,100,,,100,
2026-07-23,前橋,6,062220260723,4,1,015654,両,99.16,,0.104777599497797,,100,,,100,
2026-07-23,前橋,6,062220260723,5,7,014631,追,97.0,,0.061550233807282924,,100,,,100,
2026-07-23,前橋,6,062220260723,6,4,015539,逃,94.66,,0.04493925966545917,,100,,,100,
2026-07-23,前橋,6,062220260723,7,9,014511,追,97.6,,0.019763536116363965,,100,,,100,
2026-07-23,前橋,6,062220260723,8,6,012834,追,91.66,,0.005822557700785263,,100,,,100,
2026-07-23,前橋,6,062220260723,9,8,013593,追,92.63,,0.0038774051297509175,,100,,,100,
2026-07-23,前橋,7,072220260723,1,7,014394,両,102.41,,0.3590807504981512,,100,,,100,
2026-07-23,前橋,7,072220260723,2,2,015389,両,101.03,,0.21397631250365473,,100,,,100,
2026-07-23,前橋,7,072220260723,3,1,015630,逃,101.0,,0.12699087726019445,,100,,,100,
2026-07-23,前橋,7,072220260723,4,5,014955,両,102.29,,0.1048719860253322,,100,,,100,
2026-07-23,前橋,7,072220260723,5,3,014795,追,104.33,,0.07767210061299111,,100,,,100,
2026-07-23,前橋,7,072220260723,6,6,015727,逃,92.0,,0.04406965994366453,,100,,,100,
2026-07-23,前橋,7,072220260723,7,4,014683,追,97.68,,0.042896200218639165,,100,,,100,
2026-07-23,前橋,7,072220260723,8,9,013368,追,98.84,,0.02038809858845962,,100,,,100,
2026-07-23,前橋,7,072220260723,9,8,014307,追,95.08,,0.010054014348912978,,100,,,100,
2026-07-23,前橋,8,082220260723,1,5,014246,追,102.37,,0.2629547297550503,,100,,,100,
2026-07-23,前橋,8,082220260723,2,1,014358,追,105.46,,0.26283461727757834,,100,,,100,
2026-07-23,前橋,8,082220260723,3,8,015624,両,96.56,,0.17026464546960382,,100,,,100,
2026-07-23,前橋,8,082220260723,4,3,015468,両,102.17,,0.146008354422531,,100,,,100,
2026-07-23,前橋,8,082220260723,5,2,014370,両,97.95,,0.0574996837062601,,100,,,100,
2026-07-23,前橋,8,082220260723,6,9,013922,追,103.88,,0.051987756338935195,,100,,,100,
2026-07-23,前橋,8,082220260723,7,7,014574,追,97.37,,0.02064242233232933,,100,,,100,
2026-07-23,前橋,8,082220260723,8,6,013741,追,95.45,,0.016132602799157115,,100,,,100,
2026-07-23,前橋,8,082220260723,9,4,013642,追,97.27,,0.011675187898554745,,100,,,100,
2026-07-23,前橋,9,092220260723,1,1,015125,逃,108.8,,0.3313764558364551,,100,,,100,
2026-07-23,前橋,9,092220260723,2,9,014940,逃,108.51,,0.20676629506991676,,100,,,100,
2026-07-23,前橋,9,092220260723,3,3,014174,両,106.42,,0.12240309746649035,,100,,,100,
2026-07-23,前橋,9,092220260723,4,4,015418,逃,102.15,,0.10177087891856022,,100,,,100,
2026-07-23,前橋,9,092220260723,5,5,014485,追,103.38,,0.07529461975693871,,100,,,100,
2026-07-23,前橋,9,092220260723,6,2,015354,逃,105.32,,0.05283845136101007,,100,,,100,
2026-07-23,前橋,9,092220260723,7,7,014018,追,104.17,,0.051011587464887154,,100,,,100,
2026-07-23,前橋,9,092220260723,8,8,015787,逃,95.33,,0.04172485539170426,,100,,,100,
2026-07-23,前橋,9,092220260723,9,6,014222,追,94.36,,0.016813758734037367,,100,,,100,
2026-07-23,前橋,10,102220260723,1,2,013249,追,110.16,,0.31018688197344874,,100,,,100,
2026-07-23,前橋,10,102220260723,2,3,015778,逃,106.69,,0.22924110529838038,,100,,,100,
2026-07-23,前橋,10,102220260723,3,1,015183,両,106.22,,0.141622810237058,,100,,,100,
2026-07-23,前橋,10,102220260723,4,5,015383,追,106.18,,0.1016181209924238,,100,,,100,
2026-07-23,前橋,10,102220260723,5,9,015129,逃,103.63,,0.07659103331971184,,100,,,100,
2026-07-23,前橋,10,102220260723,6,7,014497,追,104.96,,0.07210811976399391,,100,,,100,
2026-07-23,前橋,10,102220260723,7,6,015608,逃,99.83,,0.033692709246262435,,100,,,100,
2026-07-23,前橋,10,102220260723,8,4,015104,追,100.39,,0.028223956984993012,,100,,,100,
2026-07-23,前橋,10,102220260723,9,8,013240,追,100.03,,0.00671526218372794,,100,,,100,
2026-07-23,前橋,11,112220260723,1,1,014809,追,108.1,,0.35188299995144484,,100,,,100,
2026-07-23,前橋,11,112220260723,2,3,014182,両,109.29,,0.2652640758383672,,100,,,100,
2026-07-23,前橋,11,112220260723,3,7,015086,逃,107.65,,0.15225246506230838,,100,,,100,
2026-07-23,前橋,11,112220260723,4,9,015352,逃,102.54,,0.07298695939401788,,100,,,100,
2026-07-23,前橋,11,112220260723,5,2,014700,追,104.18,,0.049046572779189127,,100,,,100,
2026-07-23,前橋,11,112220260723,6,4,015656,逃,100.15,,0.04456649287076927,,100,,,100,
2026-07-23,前橋,11,112220260723,7,8,014879,両,99.4,,0.02413300794977409,,100,,,100,
2026-07-23,前橋,11,112220260723,8,6,015067,両,96.8,,0.023082231675857504,,100,,,100,
2026-07-23,前橋,11,112220260723,9,5,014580,両,101.46,,0.0167851944782717,,100,,,100,
2026-07-23,富山,1,014620260723,1,4,013507,追,84.72,,0.29582397094986546,,100,,,100,
2026-07-23,富山,1,014620260723,2,3,015639,逃,84.19,,0.25537994444692,,100,,,100,
2026-07-23,富山,1,014620260723,3,7,013601,追,87.91,,0.23998645252220863,,100,,,100,
2026-07-23,富山,1,014620260723,4,1,014438,逃,82.35,,0.1174927843672808,,100,,,100,
2026-07-23,富山,1,014620260723,5,5,013953,追,80.66,,0.04199548997834543,,100,,,100,
2026-07-23,富山,1,014620260723,6,2,013270,追,81.51,,0.03592296840752853,,100,,,100,
2026-07-23,富山,1,014620260723,7,6,013142,追,79.56,,0.013398389327851057,,100,,,100,
2026-07-23,富山,2,024620260723,1,4,015880,逃,82.47,,0.4792473999480139,,100,,,100,
2026-07-23,富山,2,024620260723,2,2,014304,追,86.63,,0.19963181855876527,,100,,,100,
2026-07-23,富山,2,024620260723,3,7,015382,両,89.13,,0.11359184163446256,,100,,,100,
2026-07-23,富山,2,024620260723,4,3,013957,追,85.88,,0.10395298699491463,,100,,,100,
2026-07-23,富山,2,024620260723,5,1,014412,両,84.37,,0.050096854758076285,,100,,,100,
2026-07-23,富山,2,024620260723,6,5,011800,追,82.36,,0.026867990412019906,,100,,,100,
2026-07-23,富山,2,024620260723,7,6,015112,逃,69.37,,0.026611107693747405,,100,,,100,
2026-07-23,富山,3,034620260723,1,2,015510,逃,95.82,,0.38679171248566513,,100,,,100,
2026-07-23,富山,3,034620260723,2,5,014510,両,91.78,,0.2686014001172482,,100,,,100,
2026-07-23,富山,3,034620260723,3,1,013042,追,88.25,,0.15412269115753388,,100,,,100,
2026-07-23,富山,3,034620260723,4,7,014527,両,92.46,,0.07593548207375443,,100,,,100,
2026-07-23,富山,3,034620260723,5,3,014255,両,85.79,,0.05951740833208607,,100,,,100,
2026-07-23,富山,3,034620260723,6,4,014048,追,86.62,,0.03167420301658347,,100,,,100,
2026-07-23,富山,3,034620260723,7,6,013482,追,85.27,,0.02335710281712885,,100,,,100,
2026-07-23,富山,4,044620260723,1,4,014477,両,93.41,,0.4303381935125807,,100,,,100,
2026-07-23,富山,4,044620260723,2,2,015632,逃,93.7,,0.29161233047670415,,100,,,100,
2026-07-23,富山,4,044620260723,3,1,015107,両,88.7,,0.1010713423055933,,100,,,100,
2026-07-23,富山,4,044620260723,4,5,014003,追,85.74,,0.07410125275337537,,100,,,100,
2026-07-23,富山,4,044620260723,5,3,012972,追,92.5,,0.07325252769212791,,100,,,100,
2026-07-23,富山,4,044620260723,6,6,015533,逃,83.11,,0.01907210688813031,,100,,,100,
2026-07-23,富山,4,044620260723,7,7,013690,追,83.43,,0.010552246371488386,,100,,,100,
2026-07-23,富山,5,054620260723,1,4,015450,逃,99.62,,0.4423897674412905,,100,,,100,
2026-07-23,富山,5,054620260723,2,1,014090,両,88.95,,0.2672527817700316,,100,,,100,
2026-07-23,富山,5,054620260723,3,2,013497,両,93.93,,0.13904931024400372,,100,,,100,
2026-07-23,富山,5,054620260723,4,5,013074,追,97.33,,0.08530228432345335,,100,,,100,
2026-07-23,富山,5,054620260723,5,6,014946,追,98.22,,0.043153486944582556,,100,,,100,
2026-07-23,富山,5,054620260723,6,3,013622,追,91.47,,0.02285236927663836,,100,,,100,
2026-07-23,富山,6,064620260723,1,5,015269,逃,98.81,,0.4130347457584068,,100,,,100,
2026-07-23,富山,6,064620260723,2,7,014186,追,95.87,,0.191485837842393,,100,,,100,
2026-07-23,富山,6,064620260723,3,3,013783,追,98.31,,0.14995361374464083,,100,,,100,
2026-07-23,富山,6,064620260723,4,1,014571,両,96.08,,0.11579567749951118,,100,,,100,
2026-07-23,富山,6,064620260723,5,2,015064,逃,96.36,,0.08260427315020712,,100,,,100,
2026-07-23,富山,6,064620260723,6,4,014208,追,93.25,,0.03185104966566054,,100,,,100,
2026-07-23,富山,6,064620260723,7,6,013722,追,90.38,,0.015274802339180485,,100,,,100,
2026-07-23,富山,7,074620260723,1,1,015334,逃,102.65,,0.4486790251363349,,100,,,100,
2026-07-23,富山,7,074620260723,2,4,015244,逃,94.03,,0.14987655515807688,,100,,,100,
2026-07-23,富山,7,074620260723,3,5,015745,逃,93.36,,0.13786740387467708,,100,,,100,
2026-07-23,富山,7,074620260723,4,7,013883,追,98.58,,0.09307613801480574,,100,,,100,
2026-07-23,富山,7,074620260723,5,3,013744,追,100.08,,0.08498599497466171,,100,,,100,
2026-07-23,富山,7,074620260723,6,2,014551,追,96.96,,0.07822049671042688,,100,,,100,
2026-07-23,富山,7,074620260723,7,6,013204,追,91.75,,0.007294386131016789,,100,,,100,
2026-07-23,富山,8,084620260723,1,3,014071,追,103.16,,0.41150261273845856,,100,,,100,
2026-07-23,富山,8,084620260723,2,1,015173,逃,100.03,,0.15622655076149988,,100,,,100,
2026-07-23,富山,8,084620260723,3,2,015660,逃,100.75,,0.13928684749580425,,100,,,100,
2026-07-23,富山,8,084620260723,4,4,013855,追,100.81,,0.11291487442160847,,100,,,100,
2026-07-23,富山,8,084620260723,5,5,015426,逃,98.75,,0.08987437462989677,,100,,,100,
2026-07-23,富山,8,084620260723,6,6,015205,両,93.94,,0.05431129512715316,,100,,,100,
2026-07-23,富山,8,084620260723,7,7,013679,追,98.0,,0.035883444825578925,,100,,,100,
2026-07-23,富山,9,094620260723,1,7,015323,両,102.07,,0.31164514597527626,,100,,,100,
2026-07-23,富山,9,094620260723,2,5,015186,逃,102.18,,0.20591444334781475,,100,,,100,
2026-07-23,富山,9,094620260723,3,3,014767,両,97.82,,0.18609145267919483,,100,,,100,
2026-07-23,富山,9,094620260723,4,2,015706,逃,101.07,,0.17926559339745884,,100,,,100,
2026-07-23,富山,9,094620260723,5,4,015325,逃,99.14,,0.08823326070660267,,100,,,100,
2026-07-23,富山,9,094620260723,6,1,014712,追,93.33,,0.017437613589431966,,100,,,100,
2026-07-23,富山,9,094620260723,7,6,012881,追,91.61,,0.011412490304220584,,100,,,100,
2026-07-23,富山,10,104620260723,1,7,014138,追,103.11,,0.3130503310816102,,100,,,100,
2026-07-23,富山,10,104620260723,2,1,015004,追,100.6,,0.2535952514289925,,100,,,100,
2026-07-23,富山,10,104620260723,3,5,015363,逃,101.13,,0.1934161909420325,,100,,,100,
2026-07-23,富山,10,104620260723,4,2,015256,逃,101.38,,0.1453149394168941,,100,,,100,
2026-07-23,富山,10,104620260723,5,3,015646,両,93.04,,0.04424267205017408,,100,,,100,
2026-07-23,富山,10,104620260723,6,4,015342,追,99.0,,0.03001736450129215,,100,,,100,
2026-07-23,富山,10,104620260723,7,6,013335,追,91.26,,0.02036325057900454,,100,,,100,
2026-07-23,富山,11,114620260723,1,1,015741,逃,93.87,,0.556734899697622,,100,,,100,
2026-07-23,富山,11,114620260723,2,3,014807,追,92.33,,0.1633270956979851,,100,,,100,
2026-07-23,富山,11,114620260723,3,4,013439,追,91.25,,0.0907609849626051,,100,,,100,
2026-07-23,富山,11,114620260723,4,2,015182,逃,91.16,,0.08099209948723768,,100,,,100,
2026-07-23,富山,11,114620260723,5,5,014361,両,91.66,,0.07150157523255582,,100,,,100,
2026-07-23,富山,11,114620260723,6,7,014688,追,88.29,,0.024421398568685672,,100,,,100,
2026-07-23,富山,11,114620260723,7,6,015662,逃,80.39,,0.012261946353308524,,100,,,100,
2026-07-23,富山,12,124620260723,1,5,015475,両,108.85,,0.21879762026464228,,100,,,100,
2026-07-23,富山,12,124620260723,2,3,015891,逃,105.68,,0.18175073657565155,,100,,,100,
2026-07-23,富山,12,124620260723,3,6,015466,逃,104.14,,0.1567426097580064,,100,,,100,
2026-07-23,富山,12,124620260723,4,7,012596,追,108.56,,0.13688746747027358,,100,,,100,
2026-07-23,富山,12,124620260723,5,2,014117,追,108.0,,0.1183914176235817,,100,,,100,
2026-07-23,富山,12,124620260723,6,4,013673,追,107.79,,0.10501474357964379,,100,,,100,
2026-07-23,富山,12,124620260723,7,1,015628,逃,105.04,,0.08241540472820065,,100,,,100,
2026-07-23,小田原,1,013620260723,1,1,013550,追,89.95,,0.4266457695889624,,100,,,100,
2026-07-23,小田原,1,013620260723,2,5,014579,逃,85.07,,0.315608749395555,,100,,,100,
2026-07-23,小田原,1,013620260723,3,7,015688,逃,84.77,,0.14299668071695684,,100,,,100,
2026-07-23,小田原,1,013620260723,4,2,014816,逃,82.44,,0.05418577307806189,,100,,,100,
2026-07-23,小田原,1,013620260723,5,3,014281,追,82.92,,0.026701451970789537,,100,,,100,
2026-07-23,小田原,1,013620260723,6,4,014362,追,81.46,,0.01789567312558093,,100,,,100,
2026-07-23,小田原,1,013620260723,7,6,014083,追,80.95,,0.015965902124093417,,100,,,100,
2026-07-23,小田原,2,023620260723,1,6,015934,逃,79.5,,0.4705254676737533,,100,,,100,
2026-07-23,小田原,2,023620260723,2,2,014270,追,88.63,,0.2585767319429894,,100,,,100,
2026-07-23,小田原,2,023620260723,3,3,014859,両,86.59,,0.15167446422421668,,100,,,100,
2026-07-23,小田原,2,023620260723,4,5,013308,追,87.41,,0.05599227500404815,,100,,,100,
2026-07-23,小田原,2,023620260723,5,1,015293,逃,83.38,,0.04088115764304809,,100,,,100,
2026-07-23,小田原,2,023620260723,6,7,012474,追,82.41,,0.013419135706303176,,100,,,100,
2026-07-23,小田原,2,023620260723,7,4,013384,追,80.57,,0.008930767805641218,,100,,,100,
2026-07-23,小田原,3,033620260723,1,3,013980,両,88.24,,0.4680346277029403,,100,,,100,
2026-07-23,小田原,3,033620260723,2,7,014333,追,87.92,,0.2439268797877754,,100,,,100,
2026-07-23,小田原,3,033620260723,3,4,014347,追,83.35,,0.14715260714802178,,100,,,100,
2026-07-23,小田原,3,033620260723,4,1,015345,逃,83.6,,0.11670998997771699,,100,,,100,
2026-07-23,小田原,3,033620260723,5,6,014075,追,72.44,,0.010854865727940788,,100,,,100,
2026-07-23,小田原,3,033620260723,6,5,013086,追,80.0,,0.006661446998632995,,100,,,100,
2026-07-23,小田原,3,033620260723,7,2,012955,追,78.7,,0.006659582656971818,,100,,,100,
2026-07-23,小田原,4,043620260723,1,1,014206,両,88.62,,0.45324256497434584,,100,,,100,
2026-07-23,小田原,4,043620260723,2,4,014302,追,85.06,,0.21359435079350117,,100,,,100,
2026-07-23,小田原,4,043620260723,3,2,014320,両,85.87,,0.18071079808520873,,100,,,100,
2026-07-23,小田原,4,043620260723,4,7,015088,両,82.51,,0.05877954506153213,,100,,,100,
2026-07-23,小田原,4,043620260723,5,5,013660,追,85.51,,0.05475204062953736,,100,,,100,
2026-07-23,小田原,4,043620260723,6,3,012957,追,81.72,,0.022957993518983574,,100,,,100,
2026-07-23,小田原,4,043620260723,7,6,012879,追,73.9,,0.015962706936891148,,100,,,100,
2026-07-23,小田原,5,053620260723,1,5,014952,逃,88.81,,0.47761895739799115,,100,,,100,
2026-07-23,小田原,5,053620260723,2,3,015432,両,86.83,,0.20040904762466233,,100,,,100,
2026-07-23,小田原,5,053620260723,3,2,014993,追,84.42,,0.15444385706083336,,100,,,100,
2026-07-23,小田原,5,053620260723,4,1,014181,追,82.81,,0.06366931315365881,,100,,,100,
2026-07-23,小田原,5,053620260723,5,6,014297,両,81.89,,0.04189164805242109,,100,,,100,
2026-07-23,小田原,5,053620260723,6,7,014220,追,82.64,,0.041229184665226265,,100,,,100,
2026-07-23,小田原,5,053620260723,7,4,012823,追,83.18,,0.02073799204520698,,100,,,100,
2026-07-23,小田原,6,063620260723,1,4,013993,追,89.25,,0.3804597967172059,,100,,,100,
2026-07-23,小田原,6,063620260723,2,5,014153,追,86.33,,0.3259349375656673,,100,,,100,
2026-07-23,小田原,6,063620260723,3,7,014937,両,84.0,,0.1111456405734952,,100,,,100,
2026-07-23,小田原,6,063620260723,4,6,015883,逃,76.1,,0.06663099960428027,,100,,,100,
2026-07-23,小田原,6,063620260723,5,1,013259,追,85.56,,0.06007010826410825,,100,,,100,
2026-07-23,小田原,6,063620260723,6,2,013988,追,82.08,,0.04025970696795768,,100,,,100,
2026-07-23,小田原,6,063620260723,7,3,012861,追,81.1,,0.015498810307285392,,100,,,100,
2026-07-23,小田原,7,073620260723,1,3,015508,逃,96.67,,0.4634722354369369,,100,,,100,
2026-07-23,小田原,7,073620260723,2,1,013884,両,98.33,,0.145649716915828,,100,,,100,
2026-07-23,小田原,7,073620260723,3,5,014460,両,91.7,,0.09807628167271136,,100,,,100,
2026-07-23,小田原,7,073620260723,4,6,015691,逃,90.33,,0.09108843325583241,,100,,,100,
2026-07-23,小田原,7,073620260723,5,2,013947,追,94.66,,0.08873314884823313,,100,,,100,
2026-07-23,小田原,7,073620260723,6,7,013996,追,95.62,,0.06041263916008616,,100,,,100,
2026-07-23,小田原,7,073620260723,7,4,015377,逃,90.95,,0.05256754471037206,,100,,,100,
2026-07-23,広島,1,016220260723,1,1,013896,追,82.65,,0.36555246574950473,,100,,,100,
2026-07-23,広島,1,016220260723,2,5,015895,逃,77.5,,0.2564967618220115,,100,,,100,
2026-07-23,広島,1,016220260723,3,2,013742,両,81.86,,0.120900660130506,,100,,,100,
2026-07-23,広島,1,016220260723,4,6,015933,逃,75.77,,0.11729311555727957,,100,,,100,
2026-07-23,広島,1,016220260723,5,4,014374,両,81.23,,0.08090625351877592,,100,,,100,
2026-07-23,広島,1,016220260723,6,3,013895,追,81.74,,0.03472421330979526,,100,,,100,
2026-07-23,広島,1,016220260723,7,7,014323,追,0.0,,0.024126529912127086,,100,,,100,
2026-07-23,広島,2,026220260723,1,3,015937,逃,77.77,,0.4349685524203324,,100,,,100,
2026-07-23,広島,2,026220260723,2,1,015834,逃,84.11,,0.2909039640999847,,100,,,100,
2026-07-23,広島,2,026220260723,3,2,014637,追,81.72,,0.13380191101115918,,100,,,100,
2026-07-23,広島,2,026220260723,4,5,015209,逃,72.92,,0.09681238476369271,,100,,,100,
2026-07-23,広島,2,026220260723,5,7,015284,逃,67.69,,0.020423507325838416,,100,,,100,
2026-07-23,広島,2,026220260723,6,4,013069,追,74.78,,0.017059400582204547,,100,,,100,
2026-07-23,広島,2,026220260723,7,6,012132,追,67.94,,0.006030279796788146,,100,,,100,
2026-07-23,広島,3,036220260723,1,1,015192,逃,86.64,,0.4992154360192934,,100,,,100,
2026-07-23,広島,3,036220260723,2,2,014035,追,86.47,,0.3450103417571026,,100,,,100,
2026-07-23,広島,3,036220260723,3,3,015513,逃,82.69,,0.0741196608675231,,100,,,100,
2026-07-23,広島,3,036220260723,4,4,013989,追,81.27,,0.0381728115563092,,100,,,100,
2026-07-23,広島,3,036220260723,5,5,013587,追,80.96,,0.016947193187552875,,100,,,100,
2026-07-23,広島,3,036220260723,6,7,014040,追,79.86,,0.01342605760191459,,100,,,100,
2026-07-23,広島,3,036220260723,7,6,013553,追,80.8,,0.013108499010304213,,100,,,100,
2026-07-23,広島,4,046220260723,1,1,015353,逃,88.1,,0.608923803014728,,100,,,100,
2026-07-23,広島,4,046220260723,2,3,012963,追,84.73,,0.15994729501509608,,100,,,100,
2026-07-23,広島,4,046220260723,3,2,014876,追,84.9,,0.08880279256550849,,100,,,100,
2026-07-23,広島,4,046220260723,4,4,014638,追,84.62,,0.08223130097314409,,100,,,100,
2026-07-23,広島,4,046220260723,5,6,014223,追,82.96,,0.03392598643315276,,100,,,100,
2026-07-23,広島,4,046220260723,6,5,014115,追,83.66,,0.018914194845193737,,100,,,100,
2026-07-23,広島,4,046220260723,7,7,014236,追,81.0,,0.007254627153176736,,100,,,100,
2026-07-23,広島,5,056220260723,1,1,014104,追,94.85,,0.24868535179787132,,100,,,100,
2026-07-23,広島,5,056220260723,2,5,014267,逃,85.86,,0.18318288279743902,,100,,,100,
2026-07-23,広島,5,056220260723,3,3,015709,逃,92.18,,0.17803310395926555,,100,,,100,
2026-07-23,広島,5,056220260723,4,2,015388,追,93.6,,0.17476598533988533,,100,,,100,
2026-07-23,広島,5,056220260723,5,4,015372,逃,85.96,,0.13674996315605395,,100,,,100,
2026-07-23,広島,5,056220260723,6,7,014669,追,84.95,,0.06295526964013166,,100,,,100,
2026-07-23,広島,5,056220260723,7,6,013405,追,85.62,,0.015627443309353194,,100,,,100,
2026-07-23,広島,6,066220260723,1,2,015842,逃,94.66,,0.7189817329225994,,100,,,100,
2026-07-23,広島,6,066220260723,2,1,014796,追,95.09,,0.08734333480425047,,100,,,100,
2026-07-23,広島,6,066220260723,3,5,015471,両,88.47,,0.06436096908599648,,100,,,100,
2026-07-23,広島,6,066220260723,4,3,015550,逃,89.85,,0.058750247580312706,,100,,,100,
2026-07-23,広島,6,066220260723,5,4,014403,追,89.13,,0.030595715522502495,,100,,,100,
2026-07-23,広島,6,066220260723,6,7,015159,両,87.1,,0.028208633951529716,,100,,,100,
2026-07-23,広島,6,066220260723,7,6,014612,追,87.33,,0.011759366132808853,,100,,,100,
2026-07-23,広島,7,076220260723,1,1,015288,逃,95.66,,0.4258992107523524,,100,,,100,
2026-07-23,広島,7,076220260723,2,3,013146,逃,91.95,,0.3065681698198174,,100,,,100,
2026-07-23,広島,7,076220260723,3,4,015803,逃,88.14,,0.11026698509545495,,100,,,100,
2026-07-23,広島,7,076220260723,4,2,014235,両,93.0,,0.09586506367042211,,100,,,100,
2026-07-23,広島,7,076220260723,5,6,015131,逃,84.66,,0.030446272805843205,,100,,,100,
2026-07-23,広島,7,076220260723,6,5,013435,追,87.78,,0.024545920676012987,,100,,,100,
2026-07-23,広島,7,076220260723,7,7,014414,追,84.44,,0.006408377180097034,,100,,,100,
2026-07-23,松阪,1,014720260723,1,1,015542,逃,70.06,,0.37995996119014774,,100,,,100,
2026-07-23,松阪,1,014720260723,2,7,014033,両,70.37,,0.2580411122854129,,100,,,100,
2026-07-23,松阪,1,014720260723,3,5,012348,追,69.6,,0.161060828405563,,100,,,100,
2026-07-23,松阪,1,014720260723,4,6,013105,逃,67.17,,0.08055260721062958,,100,,,100,
2026-07-23,松阪,1,014720260723,5,3,014650,逃,67.22,,0.05098277786030901,,100,,,100,
2026-07-23,松阪,1,014720260723,6,2,014010,追,68.47,,0.03812450215742576,,100,,,100,
2026-07-23,松阪,1,014720260723,7,4,012530,追,68.12,,0.03127821089051201,,100,,,100,
2026-07-23,松阪,2,024720260723,1,2,015190,逃,73.71,,0.7408096268956065,,100,,,100,
2026-07-23,松阪,2,024720260723,2,6,014251,逃,65.9,,0.11723512087682858,,100,,,100,
2026-07-23,松阪,2,024720260723,3,5,012290,追,74.0,,0.04231454410398836,,100,,,100,
2026-07-23,松阪,2,024720260723,4,4,013531,逃,66.82,,0.03476031688169089,,100,,,100,
2026-07-23,松阪,2,024720260723,5,7,013303,追,69.14,,0.02371529000950463,,100,,,100,
2026-07-23,松阪,2,024720260723,6,1,013255,追,69.48,,0.023227275393606545,,100,,,100,
2026-07-23,松阪,2,024720260723,7,3,011792,両,66.68,,0.017937825838774606,,100,,,100,
2026-07-23,松阪,3,034720260723,1,5,015998,逃,70.66,,0.7723805283378091,,100,,,100,
2026-07-23,松阪,3,034720260723,2,2,013728,追,70.66,,0.07872150130347128,,100,,,100,
2026-07-23,松阪,3,034720260723,3,3,012634,追,74.76,,0.06718988407448774,,100,,,100,
2026-07-23,松阪,3,034720260723,4,6,014382,両,67.54,,0.029686131398785186,,100,,,100,
2026-07-23,松阪,3,034720260723,5,4,012206,追,77.44,,0.025185770358302356,,100,,,100,
2026-07-23,松阪,3,034720260723,6,1,013266,両,69.4,,0.014869821664321768,,100,,,100,
2026-07-23,松阪,3,034720260723,7,7,013776,追,71.25,,0.011966362862822509,,100,,,100,
2026-07-23,松阪,4,044720260723,1,6,015216,両,50.16,,0.4746516244312797,,100,,,100,
2026-07-23,松阪,4,044720260723,2,1,015141,追,48.48,,0.1459957374012626,,100,,,100,
2026-07-23,松阪,4,044720260723,3,3,015674,追,51.13,,0.13985071485275893,,100,,,100,
2026-07-23,松阪,4,044720260723,4,2,014896,両,48.34,,0.13356944219238778,,100,,,100,
2026-07-23,松阪,4,044720260723,5,4,016029,両,46.83,,0.04202485209815218,,100,,,100,
2026-07-23,松阪,4,044720260723,6,5,015677,両,46.12,,0.039937093146376376,,100,,,100,
2026-07-23,松阪,4,044720260723,7,7,015681,追,47.58,,0.023970535877782462,,100,,,100,
2026-07-23,松阪,5,054720260723,1,1,015627,逃,93.57,,0.6048160723085476,,100,,,100,
2026-07-23,松阪,5,054720260723,2,4,015360,両,81.36,,0.23728340765387018,,100,,,100,
2026-07-23,松阪,5,054720260723,3,2,015115,逃,81.73,,0.06706048073067251,,100,,,100,
2026-07-23,松阪,5,054720260723,4,5,013580,追,81.81,,0.030389044051537122,,100,,,100,
2026-07-23,松阪,5,054720260723,5,3,012882,追,80.62,,0.02319136047238941,,100,,,100,
2026-07-23,松阪,5,054720260723,6,6,014303,逃,79.03,,0.02139798883373266,,100,,,100,
2026-07-23,松阪,5,054720260723,7,7,014598,追,81.08,,0.015861645949250557,,100,,,100,
2026-07-23,松阪,6,064720260723,1,1,013910,追,87.52,,0.5468245614142119,,100,,,100,
2026-07-23,松阪,6,064720260723,2,5,013979,両,83.62,,0.19204884572777262,,100,,,100,
2026-07-23,松阪,6,064720260723,3,7,012684,追,82.71,,0.1203148382130898,,100,,,100,
2026-07-23,松阪,6,064720260723,4,2,015456,逃,82.39,,0.09478109058062957,,100,,,100,
2026-07-23,松阪,6,064720260723,5,3,013839,追,81.11,,0.02566100096073564,,100,,,100,
2026-07-23,松阪,6,064720260723,6,4,012097,追,80.45,,0.01608225133991842,,100,,,100,
2026-07-23,松阪,6,064720260723,7,6,010900,追,78.18,,0.00428741176364211,,100,,,100,
2026-07-23,松阪,7,074720260723,1,7,015114,逃,89.85,,0.2764159527864257,,100,,,100,
2026-07-23,松阪,7,074720260723,2,2,014748,追,89.37,,0.24127870890321224,,100,,,100,
2026-07-23,松阪,7,074720260723,3,3,013826,追,86.09,,0.17630527933304768,,100,,,100,
2026-07-23,松阪,7,074720260723,4,4,015693,逃,82.11,,0.0969824010468198,,100,,,100,
2026-07-23,松阪,7,074720260723,5,1,014818,追,88.62,,0.09438634542016387,,100,,,100,
2026-07-23,松阪,7,074720260723,6,5,012721,追,85.48,,0.06849524534842699,,100,,,100,
2026-07-23,松阪,7,074720260723,7,6,015515,両,80.71,,0.04613606716190363,,100,,,100,
2026-07-23,松阪,8,084720260723,1,7,013748,追,92.29,,0.4348999497919995,,100,,,100,
2026-07-23,松阪,8,084720260723,2,2,015888,逃,80.48,,0.2961671434986856,,100,,,100,
2026-07-23,松阪,8,084720260723,3,6,015054,両,79.1,,0.09011519251235518,,100,,,100,
2026-07-23,松阪,8,084720260723,4,3,015427,逃,84.86,,0.08483595305587201,,100,,,100,
2026-07-23,松阪,8,084720260723,5,5,014665,両,81.16,,0.04780020718392369,,100,,,100,
2026-07-23,松阪,8,084720260723,6,4,014056,追,83.37,,0.03263342170618339,,100,,,100,
2026-07-23,松阪,8,084720260723,7,1,013271,追,80.64,,0.013548132250980746,,100,,,100,
2026-07-23,松阪,9,094720260723,1,1,015995,逃,80.75,,0.8755853075742449,,100,,,100,
2026-07-23,松阪,9,094720260723,2,7,015698,逃,81.7,,0.07954185086508843,,100,,,100,
2026-07-23,松阪,9,094720260723,3,2,014519,逃,81.04,,0.016431737745132825,,100,,,100,
2026-07-23,松阪,9,094720260723,4,4,014385,両,79.07,,0.009153006618474527,,100,,,100,
2026-07-23,松阪,9,094720260723,5,5,015996,逃,73.5,,0.008902153788669487,,100,,,100,
2026-07-23,松阪,9,094720260723,6,3,014124,両,72.32,,0.007512825248341738,,100,,,100,
2026-07-23,松阪,9,094720260723,7,6,013421,追,70.51,,0.002873118160048042,,100,,,100,
2026-07-23,松阪,10,104720260723,1,1,015032,逃,55.55,,0.32210733489619,,100,,,100,
2026-07-23,松阪,10,104720260723,2,2,016028,両,53.0,,0.23799842965420376,,100,,,100,
2026-07-23,松阪,10,104720260723,3,3,015023,両,55.62,,0.2140805527548708,,100,,,100,
2026-07-23,松阪,10,104720260723,4,7,015308,両,54.13,,0.10005944200031046,,100,,,100,
2026-07-23,松阪,10,104720260723,5,5,015406,両,54.0,,0.09489351809373243,,100,,,100,
2026-07-23,松阪,10,104720260723,6,6,015770,両,51.83,,0.015790844222856634,,100,,,100,
2026-07-23,松阪,10,104720260723,7,4,015150,両,49.41,,0.01506987837783588,,100,,,100,
2026-07-23,松阪,11,114720260723,1,5,014461,逃,92.91,,0.2830262921096785,,100,,,100,
2026-07-23,松阪,11,114720260723,2,2,014082,追,97.1,,0.23221470499764726,,100,,,100,
2026-07-23,松阪,11,114720260723,3,1,012829,両,92.57,,0.1452248340523673,,100,,,100,
2026-07-23,松阪,11,114720260723,4,3,014716,両,93.1,,0.11649827380157976,,100,,,100,
2026-07-23,松阪,11,114720260723,5,7,013242,追,95.16,,0.08624070996358123,,100,,,100,
2026-07-23,松阪,11,114720260723,6,6,015914,逃,82.7,,0.07493561910242934,,100,,,100,
2026-07-23,松阪,11,114720260723,7,4,015189,追,88.04,,0.06185956597271653,,100,,,100,
2026-07-23,玉野,1,016120260723,1,2,014891,両,80.04,,0.257791793473908,,100,,,100,
2026-07-23,玉野,1,016120260723,2,1,012679,追,86.44,,0.22205745070418706,,100,,,100,
2026-07-23,玉野,1,016120260723,3,7,013036,追,82.1,,0.1695774164454534,,100,,,100,
2026-07-23,玉野,1,016120260723,4,6,014489,両,73.77,,0.1353664348141182,,100,,,100,
2026-07-23,玉野,1,016120260723,5,3,014243,両,80.0,,0.12450480394810136,,100,,,100,
2026-07-23,玉野,1,016120260723,6,5,012602,追,78.59,,0.05026218224095447,,100,,,100,
2026-07-23,玉野,1,016120260723,7,4,013219,追,79.46,,0.04043991837327746,,100,,,100,
2026-07-23,玉野,2,026120260723,1,1,013736,追,82.57,,0.31999425276390353,,100,,,100,
2026-07-23,玉野,2,026120260723,2,6,015915,逃,70.28,,0.2192966384638174,,100,,,100,
2026-07-23,玉野,2,026120260723,3,2,012937,追,82.73,,0.21015337363310715,,100,,,100,
2026-07-23,玉野,2,026120260723,4,3,015534,逃,79.44,,0.08810083330773437,,100,,,100,
2026-07-23,玉野,2,026120260723,5,4,012466,追,82.0,,0.0599108892411079,,100,,,100,
2026-07-23,玉野,2,026120260723,6,7,014092,追,79.35,,0.05279154566791226,,100,,,100,
2026-07-23,玉野,2,026120260723,7,5,013453,追,80.45,,0.049752466922417464,,100,,,100,
2026-07-23,玉野,3,036120260723,1,1,015285,逃,92.51,,0.34844017357750884,,100,,,100,
2026-07-23,玉野,3,036120260723,2,2,014981,逃,91.87,,0.23680529752942386,,100,,,100,
2026-07-23,玉野,3,036120260723,3,3,013199,追,97.95,,0.17350286453540228,,100,,,100,
2026-07-23,玉野,3,036120260723,4,6,015910,逃,78.02,,0.09610332115460177,,100,,,100,
2026-07-23,玉野,3,036120260723,5,7,012336,両,85.4,,0.09231094281155583,,100,,,100,
2026-07-23,玉野,3,036120260723,6,4,014549,追,84.54,,0.047348140657247774,,100,,,100,
2026-07-23,玉野,3,036120260723,7,5,012640,追,83.66,,0.005489259734259594,,100,,,100,
2026-07-23,玉野,4,046120260723,1,7,015460,逃,95.32,,0.6014280954105238,,100,,,100,
2026-07-23,玉野,4,046120260723,2,2,014187,両,92.22,,0.18237501055877692,,100,,,100,
2026-07-23,玉野,4,046120260723,3,4,015652,逃,84.93,,0.06666952788295175,,100,,,100,
2026-07-23,玉野,4,046120260723,4,1,015234,逃,84.79,,0.05548656699946216,,100,,,100,
2026-07-23,玉野,4,046120260723,5,3,015294,追,87.03,,0.0505693582987987,,100,,,100,
2026-07-23,玉野,4,046120260723,6,5,013568,追,87.86,,0.03872378936244282,,100,,,100,
2026-07-23,玉野,4,046120260723,7,6,013547,追,82.3,,0.004747651487043828,,100,,,100,
2026-07-23,玉野,5,056120260723,1,3,015120,逃,99.06,,0.5827564924602934,,100,,,100,
2026-07-23,玉野,5,056120260723,2,5,014404,両,87.63,,0.201143402435772,,100,,,100,
2026-07-23,玉野,5,056120260723,3,7,015611,逃,89.88,,0.13315601559194334,,100,,,100,
2026-07-23,玉野,5,056120260723,4,1,014044,追,87.03,,0.028578565142031182,,100,,,100,
2026-07-23,玉野,5,056120260723,5,4,013546,追,85.93,,0.024695167981494095,,100,,,100,
2026-07-23,玉野,5,056120260723,6,2,015233,逃,84.52,,0.023779845033224445,,100,,,100,
2026-07-23,玉野,5,056120260723,7,6,013654,追,83.48,,0.005890511355241721,,100,,,100,
2026-07-23,玉野,6,066120260723,1,5,015855,逃,55.81,,0.7717514097310509,,100,,,100,
2026-07-23,玉野,6,066120260723,2,6,015485,両,53.96,,0.1505630737199483,,100,,,100,
2026-07-23,玉野,6,066120260723,3,4,015149,両,50.37,,0.02754302256120663,,100,,,100,
2026-07-23,玉野,6,066120260723,4,3,015867,追,49.48,,0.017767392718957737,,100,,,100,
2026-07-23,玉野,6,066120260723,5,1,015953,両,49.66,,0.015788410045295204,,100,,,100,
2026-07-23,玉野,6,066120260723,6,2,014967,両,47.28,,0.012335597993751012,,100,,,100,
2026-07-23,玉野,6,066120260723,7,7,015316,追,46.5,,0.0042510932297901375,,100,,,100,
2026-07-23,玉野,7,076120260723,1,5,015225,両,56.73,,0.7883236181429084,,100,,,100,
2026-07-23,玉野,7,076120260723,2,2,015504,両,53.85,,0.14640411228968,,100,,,100,
2026-07-23,玉野,7,076120260723,3,1,015671,追,52.21,,0.033125966586320235,,100,,,100,
2026-07-23,玉野,7,076120260723,4,4,015573,追,50.12,,0.012115432727882815,,100,,,100,
2026-07-23,玉野,7,076120260723,5,6,015851,両,48.76,,0.007973588725622045,,100,,,100,
2026-07-23,玉野,7,076120260723,6,3,015082,追,49.25,,0.007839827985870197,,100,,,100,
2026-07-23,玉野,7,076120260723,7,7,015943,両,47.2,,0.004217453541716219,,100,,,100,
2026-07-23,玉野,8,086120260723,1,1,012889,追,100.41,,0.46886792077945083,,100,,,100,
2026-07-23,玉野,8,086120260723,2,5,015616,逃,91.91,,0.12538011625773599,,100,,,100,
2026-07-23,玉野,8,086120260723,3,6,015818,逃,89.1,,0.11500583155075023,,100,,,100,
2026-07-23,玉野,8,086120260723,4,2,015130,両,97.73,,0.11358826756596414,,100,,,100,
2026-07-23,玉野,8,086120260723,5,7,013443,追,99.0,,0.09220542506381274,,100,,,100,
2026-07-23,玉野,8,086120260723,6,3,013274,追,96.8,,0.05800140650750113,,100,,,100,
2026-07-23,玉野,8,086120260723,7,4,014068,追,92.52,,0.026951032274785007,,100,,,100,
2026-07-23,玉野,9,096120260723,1,2,015716,逃,102.13,,0.3945725193620984,,100,,,100,
2026-07-23,玉野,9,096120260723,2,5,014750,追,94.1,,0.17455928382002875,,100,,,100,
2026-07-23,玉野,9,096120260723,3,7,015326,逃,101.51,,0.17147393397309296,,100,,,100,
2026-07-23,玉野,9,096120260723,4,3,015529,逃,93.66,,0.12608627695216384,,100,,,100,
2026-07-23,玉野,9,096120260723,5,1,013604,追,98.6,,0.10801601365562508,,100,,,100,
2026-07-23,玉野,9,096120260723,6,4,013702,追,91.65,,0.017071098722384808,,100,,,100,
2026-07-23,玉野,9,096120260723,7,6,014481,追,90.03,,0.008220873514606123,,100,,,100,
2026-07-23,玉野,10,106120260723,1,1,015822,逃,107.13,,0.3570922149609149,,100,,,100,
2026-07-23,玉野,10,106120260723,2,7,015239,両,100.84,,0.20170290249132516,,100,,,100,
2026-07-23,玉野,10,106120260723,3,5,014029,追,107.5,,0.19083364697936958,,100,,,100,
2026-07-23,玉野,10,106120260723,4,3,015093,両,102.68,,0.07609348843173754,,100,,,100,
2026-07-23,玉野,10,106120260723,5,4,015122,逃,100.78,,0.07409163464227836,,100,,,100,
2026-07-23,玉野,10,106120260723,6,2,015328,追,103.83,,0.06283111746328518,,100,,,100,
2026-07-23,玉野,10,106120260723,7,6,014806,追,97.29,,0.03735499503108925,,100,,,100,
2026-07-23,玉野,11,116120260723,1,5,015541,両,103.57,,0.25698128882003995,,100,,,100,
2026-07-23,玉野,11,116120260723,2,3,015629,逃,104.89,,0.23999997111621735,,100,,,100,
2026-07-23,玉野,11,116120260723,3,2,014883,両,100.69,,0.2105491086333437,,100,,,100,
2026-07-23,玉野,11,116120260723,4,1,014041,追,104.55,,0.11507584456765611,,100,,,100,
2026-07-23,玉野,11,116120260723,5,7,015836,逃,102.17,,0.09868553409096481,,100,,,100,
2026-07-23,玉野,11,116120260723,6,6,015651,逃,94.2,,0.045871838690367955,,100,,,100,
2026-07-23,玉野,11,116120260723,7,4,014409,両,101.9,,0.03283641408141022,,100,,,100,
2026-07-23,玉野,12,126120260723,1,7,013963,追,109.9,,0.6527557489961289,,100,,,100,
2026-07-23,玉野,12,126120260723,2,2,015043,追,103.65,,0.12269296917552297,,100,,,100,
2026-07-23,玉野,12,126120260723,3,1,015370,逃,98.96,,0.085031923653984,,100,,,100,
2026-07-23,玉野,12,126120260723,4,3,015458,逃,101.16,,0.05725463378859194,,100,,,100,
2026-07-23,玉野,12,126120260723,5,6,013800,両,92.8,,0.03352300898645394,,100,,,100,
2026-07-23,玉野,12,126120260723,6,5,015804,逃,94.89,,0.032105060737004476,,100,,,100,
2026-07-23,玉野,12,126120260723,7,4,014327,追,99.0,,0.016636654662313767,,100,,,100,
2026-07-23,青森,1,011220260723,1,1,015560,逃,89.03,,0.5270813670672213,,100,,,100,
2026-07-23,青森,1,011220260723,2,5,013667,追,85.41,,0.20162812797744523,,100,,,100,
2026-07-23,青森,1,011220260723,3,4,014992,両,79.69,,0.14343177012551264,,100,,,100,
2026-07-23,青森,1,011220260723,4,3,013766,追,88.46,,0.07709510519695639,,100,,,100,
2026-07-23,青森,1,011220260723,5,6,014021,追,78.42,,0.018770292384414317,,100,,,100,
2026-07-23,青森,1,011220260723,6,2,012794,追,82.8,,0.01791690930425275,,100,,,100,
2026-07-23,青森,1,011220260723,7,7,012763,追,82.31,,0.014076427944197311,,100,,,100,
2026-07-23,青森,2,021220260723,1,1,012757,両,88.66,,0.40828096187922114,,100,,,100,
2026-07-23,青森,2,021220260723,2,2,013610,追,86.13,,0.2743381876993591,,100,,,100,
2026-07-23,青森,2,021220260723,3,7,015339,逃,86.14,,0.19770527599991863,,100,,,100,
2026-07-23,青森,2,021220260723,4,6,015924,逃,75.71,,0.05612158529261264,,100,,,100,
2026-07-23,青森,2,021220260723,5,3,014749,追,81.43,,0.03820005410773523,,100,,,100,
2026-07-23,青森,2,021220260723,6,5,014393,追,79.78,,0.016251379529627057,,100,,,100,
2026-07-23,青森,2,021220260723,7,4,014125,追,81.46,,0.009102555491526138,,100,,,100,
2026-07-23,青森,3,031220260723,1,3,014036,両,90.62,,0.5331462863054809,,100,,,100,
2026-07-23,青森,3,031220260723,2,2,014161,追,88.53,,0.23554362373973856,,100,,,100,
2026-07-23,青森,3,031220260723,3,1,015813,逃,82.08,,0.07898216989403865,,100,,,100,
2026-07-23,青森,3,031220260723,4,4,014169,追,82.14,,0.053915366221786484,,100,,,100,
2026-07-23,青森,3,031220260723,5,5,014087,追,83.0,,0.051536953364500315,,100,,,100,
2026-07-23,青森,3,031220260723,6,7,014192,追,82.6,,0.03675839811699347,,100,,,100,
2026-07-23,青森,3,031220260723,7,6,012216,追,73.33,,0.010117202357461708,,100,,,100,
2026-07-23,青森,4,041220260723,1,6,015870,逃,78.74,,0.3580294023694766,,100,,,100,
2026-07-23,青森,4,041220260723,2,1,014204,追,86.5,,0.2850638971788214,,100,,,100,
2026-07-23,青森,4,041220260723,3,7,013332,追,89.95,,0.1688094069096397,,100,,,100,
2026-07-23,青森,4,041220260723,4,2,014674,逃,84.44,,0.0855335986748562,,100,,,100,
2026-07-23,青森,4,041220260723,5,4,014057,追,84.0,,0.05214080953811483,,100,,,100,
2026-07-23,青森,4,041220260723,6,5,014334,両,81.53,,0.0341087721123097,,100,,,100,
2026-07-23,青森,4,041220260723,7,3,013512,追,81.58,,0.01631411321678157,,100,,,100,
2026-07-23,青森,5,051220260723,1,1,015365,両,98.4,,0.41304017262109427,,100,,,100,
2026-07-23,青森,5,051220260723,2,6,015809,逃,91.55,,0.17335434834083188,,100,,,100,
2026-07-23,青森,5,051220260723,3,2,015424,逃,94.85,,0.12394044043624992,,100,,,100,
2026-07-23,青森,5,051220260723,4,5,013955,追,96.69,,0.1175566993078371,,100,,,100,
2026-07-23,青森,5,051220260723,5,3,014136,両,94.7,,0.0870337944739941,,100,,,100,
2026-07-23,青森,5,051220260723,6,7,015193,両,91.76,,0.05247834418503207,,100,,,100,
2026-07-23,青森,5,051220260723,7,4,012501,追,95.78,,0.0325962006349607,,100,,,100,
2026-07-23,青森,6,061220260723,1,5,015358,両,102.07,,0.3654507729447039,,100,,,100,
2026-07-23,青森,6,061220260723,2,2,014606,逃,101.65,,0.2300366155708541,,100,,,100,
2026-07-23,青森,6,061220260723,3,4,015696,逃,99.76,,0.182190897172108,,100,,,100,
2026-07-23,青森,6,061220260723,4,6,015728,逃,93.28,,0.08844747356830393,,100,,,100,
2026-07-23,青森,6,061220260723,5,1,013966,追,94.81,,0.07854809814281492,,100,,,100,
2026-07-23,青森,6,061220260723,6,3,014451,追,96.74,,0.029607394425403322,,100,,,100,
2026-07-23,青森,6,061220260723,7,7,014176,追,96.87,,0.0257187481758118,,100,,,100,
2026-07-23,青森,7,071220260723,1,1,014348,両,99.77,,0.44109933625184883,,100,,,100,
2026-07-23,青森,7,071220260723,2,5,015322,逃,101.37,,0.36313094705724575,,100,,,100,
2026-07-23,青森,7,071220260723,3,3,015733,両,96.22,,0.07982584740490896,,100,,,100,
2026-07-23,青森,7,071220260723,4,7,015420,逃,95.88,,0.05504405097557622,,100,,,100,
2026-07-23,青森,7,071220260723,5,4,014592,追,99.39,,0.028633218726847327,,100,,,100,
2026-07-23,青森,7,071220260723,6,6,013438,追,90.81,,0.01989959608370119,,100,,,100,
2026-07-23,青森,7,071220260723,7,2,012948,追,94.0,,0.01236700349987175,,100,,,100,
2026-07-23,青森,8,081220260723,1,2,014833,両,105.4,,0.3617004356512216,,100,,,100,
2026-07-23,青森,8,081220260723,2,4,015169,逃,100.63,,0.23590528794484472,,100,,,100,
2026-07-23,青森,8,081220260723,3,1,014384,追,98.8,,0.11769292473738568,,100,,,100,
2026-07-23,青森,8,081220260723,4,7,014109,追,94.79,,0.10272111346400276,,100,,,100,
2026-07-23,青森,8,081220260723,5,6,015641,逃,93.21,,0.08153167977432439,,100,,,100,
2026-07-23,青森,8,081220260723,6,3,014548,追,98.37,,0.06271921956264055,,100,,,100,
2026-07-23,青森,8,081220260723,7,5,013045,追,98.0,,0.03772933886558025,,100,,,100,
2026-07-23,青森,9,091220260723,1,7,014122,追,103.72,,0.3742566947176435,,100,,,100,
2026-07-23,青森,9,091220260723,2,1,015653,逃,100.14,,0.269961104772086,,100,,,100,
2026-07-23,青森,9,091220260723,3,6,015448,逃,94.22,,0.10352431932743719,,100,,,100,
2026-07-23,青森,9,091220260723,4,4,014677,両,102.37,,0.09597373934724696,,100,,,100,
2026-07-23,青森,9,091220260723,5,3,014051,逃,97.41,,0.07770157002965754,,100,,,100,
2026-07-23,青森,9,091220260723,6,2,014309,両,95.1,,0.04135622671585573,,100,,,100,
2026-07-23,青森,9,091220260723,7,5,014448,追,95.8,,0.03722634509007311,,100,,,100,
2026-07-23,青森,10,101220260723,1,3,015197,両,106.18,,0.49115226252271665,,100,,,100,
2026-07-23,青森,10,101220260723,2,2,015793,逃,100.5,,0.1702551797011157,,100,,,100,
2026-07-23,青森,10,101220260723,3,4,012487,追,100.87,,0.150118968298779,,100,,,100,
2026-07-23,青森,10,101220260723,4,7,015195,追,98.57,,0.10983620218738735,,100,,,100,
2026-07-23,青森,10,101220260723,5,5,014604,逃,95.93,,0.03948277590672106,,100,,,100,
2026-07-23,青森,10,101220260723,6,1,014839,追,95.75,,0.030850453558152198,,100,,,100,
2026-07-23,青森,10,101220260723,7,6,014825,追,89.85,,0.008304157825128028,,100,,,100,
2026-07-23,青森,11,111220260723,1,2,014506,追,107.18,,0.2793016271078163,,100,,,100,
2026-07-23,青森,11,111220260723,2,3,015555,逃,97.2,,0.24863976328316,,100,,,100,
2026-07-23,青森,11,111220260723,3,5,015605,逃,101.86,,0.19960176105554997,,100,,,100,
2026-07-23,青森,11,111220260723,4,4,014188,追,101.82,,0.13691920159908746,,100,,,100,
2026-07-23,青森,11,111220260723,5,7,015236,逃,97.12,,0.0635114945522672,,100,,,100,
2026-07-23,青森,11,111220260723,6,1,014645,追,99.06,,0.06225055992954572,,100,,,100,
2026-07-23,青森,11,111220260723,7,6,014043,追,95.1,,0.009775592472573374,,100,,,100,
2026-07-23,青森,12,121220260723,1,4,015480,逃,107.44,,0.26657857533781393,,100,,,100,
2026-07-23,青森,12,121220260723,2,2,015235,両,108.57,,0.2251111346757735,,100,,,100,
2026-07-23,青森,12,121220260723,3,5,014640,追,104.53,,0.1623915415512644,,100,,,100,
2026-07-23,青森,12,121220260723,4,3,014472,追,108.91,,0.146101471700529,,100,,,100,
2026-07-23,青森,12,121220260723,5,1,013291,追,104.9,,0.08698858620861336,,100,,,100,
2026-07-23,青森,12,121220260723,6,6,014977,両,103.78,,0.07407231207719894,,100,,,100,
2026-07-23,青森,12,121220260723,7,7,014804,追,105.61,,0.03875637844880685,,100,,,100,
