race_id,actual_trifecta,actual_trifecta_odds,race_status,decided_at,source_url,actual_trio,actual_exacta,actual_quinella,actual_bracket_exacta,actual_bracket_quinella,actual_quinella_place,payouts_trifecta_json,payouts_trio_json,payouts_exacta_json,payouts_quinella_json,payouts_quinella_place_json,payouts_bracket_exacta_json,payouts_bracket_quinella_json,start_at,close_at
011320260801,1-4-7,12.6,3,1785567716,https://www.winticket.jp/keirin/iwakidaira/racecard/2026073113/2/1,1-4-7,1-4,1-4,1-4,1-4,1-4|1-7|4-7,"{""1-4-7"": 1260}","{""1-4-7"": 300}","{""1-4"": 880}","{""1-4"": 650}","{""1-4"": 170, ""1-7"": 130, ""4-7"": 270}",{},{},1785567000.0,1785566700.0
012620260718,4-3-7,4.2,3,1784356646,https://www.winticket.jp/keirin/seibuen/racecard/2026071626/3/1,3-4-7,4-3,3-4,4-3,3-4,3-4|3-7|4-7,"{""4-3-7"": 420}","{""3-4-7"": 170}","{""4-3"": 250}","{""3-4"": 130}","{""3-4"": 100, ""3-7"": 110, ""4-7"": 150}",{},{},1784356020.0,1784355720.0
012720260714,1-3-6,41.8,3,1784030399,https://www.winticket.jp/keirin/keiokaku/racecard/2026071327/2/1,1-3-6,1-3,1-3,1-3,1-3,1-3|1-6|3-6,"{""1-3-6"": 4180}","{""1-3-6"": 1390}","{""1-3"": 410}","{""1-3"": 260}","{""1-3"": 170, ""1-6"": 620, ""3-6"": 640}",{},{},1784029800.0,1784029500.0
012720260719,3-1-2,8.6,3,1784462463,https://www.winticket.jp/keirin/keiokaku/racecard/2026071927/1/1,1-2-3,3-1,1-3,3-1,1-3,1-2|1-3|2-3,"{""3-1-2"": 860}","{""1-2-3"": 220}","{""3-1"": 420}","{""1-3"": 150}","{""1-2"": 190, ""1-3"": 110, ""2-3"": 210}",{},{},1784461800.0,1784461500.0
012720260720,1-4-6,174.7,3,1784548825,https://www.winticket.jp/keirin/keiokaku/racecard/2026071927/2/1,1-4-6,1-4,1-4,1-4,1-4,1-4|1-6|4-6,"{""1-4-6"": 17470}","{""1-4-6"": 4130}","{""1-4"": 1750}","{""1-4"": 1170}","{""1-4"": 390, ""1-6"": 420, ""4-6"": 1180}",{},{},1784548200.0,1784547900.0
012720260731,3-2-1,12.0,3,1785499160,https://www.winticket.jp/keirin/keiokaku/racecard/2026073127/1/1,1-2-3,3-2,2-3,3-2,2-3,1-2|1-3|2-3,"{""3-2-1"": 1200}","{""1-2-3"": 250}","{""3-2"": 360}","{""2-3"": 130}","{""1-2"": 130, ""1-3"": 200, ""2-3"": 130}",{},{},1785498540.0,1785498240.0
012820260728,4-5-3,114.9,3,1785203645,https://www.winticket.jp/keirin/tachikawa/racecard/2026072728/2/1,3-4-5,4-5,4-5,4-5,4-5,3-4|3-5|4-5,"{""4-5-3"": 11490}","{""3-4-5"": 2800}","{""4-5"": 2700}","{""4-5"": 2020}","{""3-4"": 440, ""3-5"": 580, ""4-5"": 320}",{},{},1785203100.0,1785202800.0
013520260729,1-3-5,26.7,3,1785309014,https://www.winticket.jp/keirin/hiratsuka/racecard/2026072835/2/1,1-3-5,1-3,1-3,1-3,1-3,1-3|1-5|3-5,"{""1-3-5"": 2670}","{""1-3-5"": 870}","{""1-3"": 370}","{""1-3"": 160}","{""1-3"": 100, ""1-5"": 690, ""3-5"": 380}",{},{},1785308340.0,1785308040.0
014520260728,6-1-2,36.4,3,1785204517,https://www.winticket.jp/keirin/toyohashi/racecard/2026072545/4/1,1-2-6,6-1,1-6,6-1,1-6,1-2|1-6|2-6,"{""6-1-2"": 3640}","{""1-2-6"": 380}","{""6-1"": 740}","{""1-6"": 260}","{""1-2"": 150, ""1-6"": 170, ""2-6"": 200}",{},{},1785203880.0,1785203580.0
014520260805,5-3-7,11.0,3,1785895874,https://www.winticket.jp/keirin/toyohashi/racecard/2026080545/1/1,3-5-7,5-3,3-5,5-3,3-5,3-5|3-7|5-7,"{""5-3-7"": 1100}","{""3-5-7"": 540}","{""5-3"": 320}","{""3-5"": 220}","{""3-5"": 130, ""3-7"": 330, ""5-7"": 230}",{},{},1785895080.0,1785894780.0
021320260717,1-2-3,2.8,3,1784290374,https://www.winticket.jp/keirin/iwakidaira/racecard/2026071613/2/2,1-2-3,1-2,1-2,1-2,1-2,1-2|1-3|2-3,"{""1-2-3"": 280}","{""1-2-3"": 130}","{""1-2"": 160}","{""1-2"": 140}","{""1-2"": 100, ""1-3"": 120, ""2-3"": 150}",{},{},1784289600.0,1784289300.0
021320260722,2-1-7,30.5,3,1784723462,https://www.winticket.jp/keirin/iwakidaira/racecard/2026072213/1/2,1-2-7,2-1,1-2,2-1,1-2,1-2|1-7|2-7,"{""2-1-7"": 3050}","{""1-2-7"": 1560}","{""2-1"": 380}","{""1-2"": 120}","{""1-2"": 100, ""1-7"": 1010, ""2-7"": 850}",{},{},1784722380.0,1784722080.0
021320260723,2-4-1,37.5,3,1784809504,https://www.winticket.jp/keirin/iwakidaira/racecard/2026072213/2/2,1-2-4,2-4,2-4,2-4,2-4,1-2|1-4|2-4,"{""1-2-6"": 100, ""1-3-6"": 100, ""1-4-6"": 100, ""1-5-6"": 100, ""1-6-2"": 100, ""1-6-3"": 100, ""1-6-4"": 100, ""1-6-5"": 100, ""1-6-7"": 100, ""1-7-6"": 100, ""2-1-6"": 100, ""2-3-6"": 100, ""2-4-1"": 3750, ""2-4-6"": 100, ""2-5-6"": 100, ""2-6-1"": 100, ""2-6-3"": 100, ""2-6-4"": 100, ""2-6-5"": 100, ""2-6-7"": 100, ""2-7-6"": 100, ""3-1-6"": 100, ""3-2-6"": 100, ""3-4-6"": 100, ""3-5-6"": 100, ""3-6-1"": 100, ""3-6-2"": 100, ""3-6-4"": 100, ""3-6-5"": 100, ""3-6-7"": 100, ""3-7-6"": 100, ""4-1-6"": 100, ""4-2-6"": 100, ""4-3-6"": 100, ""4-5-6"": 100, ""4-6-1"": 100, ""4-6-2"": 100, ""4-6-3"": 100, ""4-6-5"": 100, ""4-6-7"": 100, ""4-7-6"": 100, ""5-1-6"": 100, ""5-2-6"": 100, ""5-3-6"": 100, ""5-4-6"": 100, ""5-6-1"": 100, ""5-6-2"": 100, ""5-6-3"": 100, ""5-6-4"": 100, ""5-6-7"": 100, ""5-7-6"": 100, ""6-1-2"": 100, ""6-1-3"": 100, ""6-1-4"": 100, ""6-1-5"": 100, ""6-1-7"": 100, ""6-2-1"": 100, ""6-2-3"": 100, ""6-2-4"": 100, ""6-2-5"": 100, ""6-2-7"": 100, ""6-3-1"": 100, ""6-3-2"": 100, ""6-3-4"": 100, ""6-3-5"": 100, ""6-3-7"": 100, ""6-4-1"": 100, ""6-4-2"": 100, ""6-4-3"": 100, ""6-4-5"": 100, ""6-4-7"": 100, ""6-5-1"": 100, ""6-5-2"": 100, ""6-5-3"": 100, ""6-5-4"": 100, ""6-5-7"": 100, ""6-7-1"": 100, ""6-7-2"": 100, ""6-7-3"": 100, ""6-7-4"": 100, ""6-7-5"": 100, ""7-1-6"": 100, ""7-2-6"": 100, ""7-3-6"": 100, ""7-4-6"": 100, ""7-5-6"": 100, ""7-6-1"": 100, ""7-6-2"": 100, ""7-6-3"": 100, ""7-6-4"": 100, ""7-6-5"": 100}","{""1-2-4"": 1020, ""1-2-6"": 100, ""1-3-6"": 100, ""1-4-6"": 100, ""1-5-6"": 100, ""1-6-7"": 100, ""2-3-6"": 100, ""2-4-6"": 100, ""2-5-6"": 100, ""2-6-7"": 100, ""3-4-6"": 100, ""3-5-6"": 100, ""3-6-7"": 100, ""4-5-6"": 100, ""4-6-7"": 100, ""5-6-7"": 100}","{""1-6"": 100, ""2-4"": 820, ""2-6"": 100, ""3-6"": 100, ""4-6"": 100, ""5-6"": 100, ""6-1"": 100, ""6-2"": 100, ""6-3"": 100, ""6-4"": 100, ""6-5"": 100, ""6-7"": 100, ""7-6"": 100}","{""1-6"": 100, ""2-4"": 580, ""2-6"": 100, ""3-6"": 100, ""4-6"": 100, ""5-6"": 100, ""6-7"": 100}","{""1-2"": 250, ""1-4"": 230, ""1-6"": 100, ""2-4"": 250, ""2-6"": 100, ""3-6"": 100, ""4-6"": 100, ""5-6"": 100, ""6-7"": 100}",{},{},1784808780.0,1784808480.0
021320260724,4-1-2,155.8,3,1784895843,https://www.winticket.jp/keirin/iwakidaira/racecard/2026072213/3/2,1-2-4,4-1,1-4,4-1,1-4,1-2|1-4|2-4,"{""4-1-2"": 15580}","{""1-2-4"": 2250}","{""4-1"": 3030}","{""1-4"": 1040}","{""1-2"": 410, ""1-4"": 360, ""2-4"": 1370}",{},{},1784895180.0,1784894880.0
022120260730,1-4-5,12.2,3,1785395826,https://www.winticket.jp/keirin/yahiko/racecard/2026073021/1/2,1-4-5,1-4,1-4,1-4,1-4,1-4|1-5|4-5,"{""1-4-5"": 1220}","{""1-4-5"": 420}","{""1-4"": 340}","{""1-4"": 220}","{""1-4"": 160, ""1-5"": 230, ""4-5"": 340}",{},{},1785395220.0,1785394920.0
022120260801,7-5-1,42.7,3,1785569814,https://www.winticket.jp/keirin/yahiko/racecard/2026073021/3/2,1-5-7,7-5,5-7,6-5,5-6,1-5|1-7|5-7,"{""7-5-1"": 4270}","{""1-5-7"": 680}","{""7-5"": 960}","{""5-7"": 300}","{""1-5"": 340, ""1-7"": 400, ""5-7"": 140}",{},{},1785569160.0,1785568860.0
022620260718,1-3-2,69.9,3,1784358330,https://www.winticket.jp/keirin/seibuen/racecard/2026071626/3/2,1-2-3,1-3,1-3,1-3,1-3,1-2|1-3|2-3,"{""1-3-2"": 6990}","{""1-2-3"": 5440}","{""1-3"": 220}","{""1-3"": 130}","{""1-2"": 640, ""1-3"": 110, ""2-3"": 850}",{},{},1784357640.0,1784357340.0
022720260714,7-1-3,170.2,3,1784031560,https://www.winticket.jp/keirin/keiokaku/racecard/2026071327/2/2,1-3-7,7-1,1-7,6-1,1-6,1-3|1-7|3-7,"{""7-1-3"": 17020}","{""1-3-7"": 470}","{""7-1"": 8650}","{""1-7"": 1530}","{""1-3"": 140, ""1-7"": 350, ""3-7"": 360}",{},{},1784031000.0,1784030700.0
022820260817,4-1-7,45.7,3,1786934164,https://www.winticket.jp/keirin/tachikawa/racecard/2026081728/1/2,1-4-7,4-1,1-4,4-1,1-4,1-4|1-7|4-7,"{""4-1-7"": 4570}","{""1-4-7"": 460}","{""4-1"": 840}","{""1-4"": 150}","{""1-4"": 110, ""1-7"": 180, ""4-7"": 300}",{},{},1786933560.0,1786933260.0
023720260723,1-7-4,24.1,3,1784809744,https://www.winticket.jp/keirin/ito/racecard/2026072237/2/2,1-4-7,1-7,1-7,1-6,1-6,1-4|1-7|4-7,"{""1-7-4"": 2410}","{""1-4-7"": 990}","{""1-7"": 520}","{""1-7"": 470}","{""1-4"": 220, ""1-7"": 260, ""4-7"": 1070}",{},{},1784809260.0,1784808960.0
023720260902,2-1-3,21.5,3,1788351211,https://www.winticket.jp/keirin/ito/racecard/2026090237/1/2,1-2-3,2-1,1-2,2-1,1-2,1-2|1-3|2-3,"{""2-1-3"": 2150}","{""1-2-3"": 400}","{""2-1"": 400}","{""1-2"": 120}","{""1-2"": 100, ""1-3"": 170, ""2-3"": 230}",{},{},1788350700.0,1788350400.0
023720260903,2-1-3,4.4,3,1788437615,https://www.winticket.jp/keirin/ito/racecard/2026090237/2/2,1-2-3,2-1,1-2,2-1,1-2,1-2|1-3|2-3,"{""2-1-3"": 440}","{""1-2-3"": 120}","{""2-1"": 230}","{""1-2"": 110}","{""1-2"": 100, ""1-3"": 110, ""2-3"": 120}",{},{},1788437100.0,1788436800.0
024220260804,4-7-1,15.8,3,1785828306,https://www.winticket.jp/keirin/nagoya/racecard/2026080442/1/2,1-4-7,4-7,4-7,4-6,4-6,1-4|1-7|4-7,"{""4-7-1"": 1580}","{""1-4-7"": 560}","{""4-7"": 670}","{""4-7"": 460}","{""1-4"": 320, ""1-7"": 490, ""4-7"": 230}",{},{},1785827640.0,1785827340.0
024520260719,5-3-2,58.6,3,1784463084,https://www.winticket.jp/keirin/toyohashi/racecard/2026071945/1/2,2-3-5,5-3,3-5,5-3,3-5,2-3|2-5|3-5,"{""5-3-2"": 5860}","{""2-3-5"": 780}","{""5-3"": 1350}","{""3-5"": 380}","{""2-3"": 330, ""2-5"": 820, ""3-5"": 210}",{},{},1784462400.0,1784462100.0
024520260818,4-3-1,472.2,3,1787011560,https://www.winticket.jp/keirin/toyohashi/racecard/2026081845/1/2,1-3-4,4-3,3-4,4-3,3-4,1-3|1-4|3-4,"{""4-3-1"": 47220}","{""1-3-4"": 4890}","{""4-3"": 8410}","{""3-4"": 910}","{""1-3"": 580, ""1-4"": 2960, ""3-4"": 570}",{},{},1787010600.0,1787010300.0
025320260716,1-2-5,18.7,3,1784204408,https://www.winticket.jp/keirin/nara/racecard/2026071653/1/2,1-2-5,1-2,1-2,1-2,1-2,1-2|1-5|2-5,"{""1-2-5"": 1870}","{""1-2-5"": 870}","{""1-2"": 210}","{""1-2"": 180}","{""1-2"": 160, ""1-5"": 180, ""2-5"": 890}",{},{},1784203800.0,1784203500.0
025320260718,4-3-7,459.4,3,1784377186,https://www.winticket.jp/keirin/nara/racecard/2026071653/3/2,3-4-7,4-3,3-4,4-3,3-4,3-4|3-7|4-7,"{""4-3-7"": 45940}","{""3-4-7"": 6380}","{""4-3"": 5600}","{""3-4"": 1600}","{""3-4"": 880, ""3-7"": 3610, ""4-7"": 3660}",{},{},1784376600.0,1784376300.0
025320260803,1-3-5,3.6,3,1785760259,https://www.winticket.jp/keirin/nara/racecard/2026080353/1/2,1-3-5,1-3,1-3,1-3,1-3,1-3|1-5|3-5,"{""1-3-5"": 360}","{""1-3-5"": 290}","{""1-3"": 190}","{""1-3"": 160}","{""1-3"": 100, ""1-5"": 200, ""3-5"": 260}",{},{},1785759660.0,1785759360.0
025320260820,7-5-2,20.6,3,1787193321,https://www.winticket.jp/keirin/nara/racecard/2026082053/1/2,2-5-7,7-5,5-7,6-5,5-6,2-5|2-7|5-7,"{""7-5-2"": 2060}","{""2-5-7"": 880}","{""7-5"": 1250}","{""5-7"": 1040}","{""2-5"": 340, ""2-7"": 260, ""5-7"": 520}",{},{},1787192700.0,1787192400.0
025520260730,2-3-5,79.3,3,1785378377,https://www.winticket.jp/keirin/wakayama/racecard/2026072955/2/2,2-3-5,2-3,2-3,2-3,2-3,2-3|2-5|3-5,"{""2-3-5"": 7930}","{""2-3-5"": 1970}","{""2-3"": 2190}","{""2-3"": 1660}","{""2-3"": 280, ""2-5"": 150, ""3-5"": 650}",{},{},1785377520.0,1785377220.0
027520260821,1-2-3,37.4,3,1787314442,https://www.winticket.jp/keirin/matsuyama/racecard/2026082175/1/2,1-2-3,1-2,1-2,1-2,1-2,1-2|1-3|2-3,"{""1-2-3"": 3740, ""1-3-2"": 5230}","{""1-2-3"": 2470}","{""1-2"": 630, ""1-3"": 1660}","{""1-2"": 540, ""1-3"": 730}","{""1-2"": 240, ""1-3"": 380, ""2-3"": 1580}",{},{},1787313600.0,1787313300.0
028120260725,4-1-6,15.8,3,1784965504,https://www.winticket.jp/keirin/kokura/racecard/2026072481/2/2,1-4-6,4-1,1-4,4-1,1-4,1-4|1-6|4-6,"{""4-1-6"": 1580}","{""1-4-6"": 500}","{""4-1"": 550}","{""1-4"": 200}","{""1-4"": 160, ""1-6"": 390, ""4-6"": 480}",{},{},1784964660.0,1784964360.0
028420260801,1-2-5,7.5,3,1785587871,https://www.winticket.jp/keirin/takeo/racecard/2026073184/2/2,1-2-5,1-2,1-2,1-2,1-2,1-2|1-5|2-5,"{""1-2-5"": 750}","{""1-2-5"": 610}","{""1-2"": 120}","{""1-2"": 100}","{""1-2"": 100, ""1-5"": 300, ""2-5"": 580}",{},{},1785586860.0,1785586560.0
028420260822,1-7-6,15.4,3,1787356936,https://www.winticket.jp/keirin/takeo/racecard/2026082184/2/2,1-6-7,1-7,1-7,1-6,1-6,1-6|1-7|6-7,"{""1-7-6"": 1540}","{""1-6-7"": 790}","{""1-7"": 240}","{""1-7"": 140}","{""1-6"": 250, ""1-7"": 130, ""6-7"": 290}",{},{},1787356200.0,1787355900.0
028520260802,1-3-2,115.0,3,1785637649,https://www.winticket.jp/keirin/sasebo/racecard/2026073185/3/2,1-2-3,1-3,1-3,1-3,1-3,1-2|1-3|2-3,"{""1-3-2"": 11500}","{""1-2-3"": 580}","{""1-3"": 2860}","{""1-3"": 550}","{""1-2"": 330, ""1-3"": 210, ""2-3"": 110}",{},{},1785636720.0,1785636420.0
031320260718,1-4-5,187.4,3,1784377956,https://www.winticket.jp/keirin/iwakidaira/racecard/2026071613/3/3,1-4-5,1-4,1-4,1-4,1-4,1-4|1-5|4-5,"{""1-4-5"": 18740}","{""1-4-5"": 7270}","{""1-4"": 2840}","{""1-4"": 1820}","{""1-4"": 460, ""1-5"": 860, ""4-5"": 2390}",{},{},1784377200.0,1784376900.0
031320260722,1-5-3,51.1,3,1784724562,https://www.winticket.jp/keirin/iwakidaira/racecard/2026072213/1/3,1-3-5,1-5,1-5,1-5,1-5,1-3|1-5|3-5,"{""1-5-3"": 5110}","{""1-3-5"": 840}","{""1-5"": 1470}","{""1-5"": 1060}","{""1-3"": 240, ""1-5"": 400, ""3-5"": 550}",{},{},1784723820.0,1784723520.0
031320260723,1-4-6,179.5,3,1784810884,https://www.winticket.jp/keirin/iwakidaira/racecard/2026072213/2/3,1-4-6,1-4,1-4,1-4,1-4,1-4|1-6|4-6,"{""1-4-6"": 17950}","{""1-4-6"": 8460}","{""1-4"": 2610}","{""1-4"": 1920}","{""1-4"": 340, ""1-6"": 990, ""4-6"": 2160}",{},{},1784810220.0,1784809920.0
032420260808,3-2-1,4.6,3,1786192190,https://www.winticket.jp/keirin/utsunomiya/racecard/2026080624/3/3,1-2-3,3-2,2-3,3-2,2-3,1-2|1-3|2-3,"{""3-2-1"": 460}","{""1-2-3"": 130}","{""3-2"": 390}","{""2-3"": 190}","{""1-2"": 120, ""1-3"": 120, ""2-3"": 110}",{},{},1786191600.0,1786191300.0
032620260716,1-4-2,18.2,3,1784188823,https://www.winticket.jp/keirin/seibuen/racecard/2026071626/1/3,1-2-4,1-4,1-4,1-4,1-4,1-2|1-4|2-4,"{""1-4-2"": 1820}","{""1-2-4"": 280}","{""1-4"": 750}","{""1-4"": 530}","{""1-2"": 160, ""1-4"": 190, ""2-4"": 170}",{},{},1784187960.0,1784187660.0
032620260718,1-6-5,522.2,3,1784359770,https://www.winticket.jp/keirin/seibuen/racecard/2026071626/3/3,1-5-6,1-6,1-6,1-6,1-6,1-5|1-6|5-6,"{""1-6-5"": 52220}","{""1-5-6"": 13660}","{""1-6"": 8650}","{""1-6"": 4630}","{""1-5"": 2120, ""1-6"": 2870, ""5-6"": 7810}",{},{},1784359140.0,1784358840.0
032720260802,4-1-5,40.2,3,1785674835,https://www.winticket.jp/keirin/keiokaku/racecard/2026073127/3/3,1-4-5,4-1,1-4,4-1,1-4,1-4|1-5|4-5,"{""4-1-5"": 4020}","{""1-4-5"": 1270}","{""4-1"": 1510}","{""1-4"": 720}","{""1-4"": 320, ""1-5"": 250, ""4-5"": 400}",{},{},1785674220.0,1785673920.0
033720260903,1-2-6,2.2,3,1788439059,https://www.winticket.jp/keirin/ito/racecard/2026090237/2/3,1-2-6,1-2,1-2,1-2,1-2,1-2|1-6|2-6,"{""1-2-6"": 220}","{""1-2-6"": 200}","{""1-2"": 160}","{""1-2"": 130}","{""1-2"": 110, ""1-6"": 180, ""2-6"": 180}",{},{},1788438540.0,1788438240.0
034220260804,1-5-6,5.4,3,1785829706,https://www.winticket.jp/keirin/nagoya/racecard/2026080442/1/3,1-5-6,1-5,1-5,1-5,1-5,1-5|1-6|5-6,"{""1-5-6"": 540}","{""1-5-6"": 450}","{""1-5"": 170}","{""1-5"": 160}","{""1-5"": 100, ""1-6"": 310, ""5-6"": 460}",{},{},1785829080.0,1785828780.0
034320260824,2-4-5,14.8,3,1787539764,https://www.winticket.jp/keirin/gifu/racecard/2026082443/1/3,2-4-5,2-4,2-4,2-4,2-4,2-4|2-5|4-5,"{""2-4-5"": 1480}","{""2-4-5"": 740}","{""2-4"": 270}","{""2-4"": 190}","{""2-4"": 150, ""2-5"": 200, ""4-5"": 560}",{},{},1787539020.0,1787538720.0
034520260719,1-4-3,2.9,3,1784464332,https://www.winticket.jp/keirin/toyohashi/racecard/2026071945/1/3,1-3-4,1-4,1-4,1-4,1-4,1-3|1-4|3-4,"{""1-4-3"": 290}","{""1-3-4"": 170}","{""1-4"": 190}","{""1-4"": 190}","{""1-3"": 170, ""1-4"": 130, ""3-4"": 220}",{},{},1784463600.0,1784463300.0
034520260721,1-2-6,9.9,3,1784637068,https://www.winticket.jp/keirin/toyohashi/racecard/2026071945/3/3,1-2-6,1-2,1-2,1-2,1-2,1-2|1-6|2-6,"{""1-2-6"": 990}","{""1-2-6"": 370}","{""1-2"": 360}","{""1-2"": 250}","{""1-2"": 180, ""1-6"": 270, ""2-6"": 310}",{},{},1784636400.0,1784636100.0
034720260723,5-2-4,2.5,3,1784791759,https://www.winticket.jp/keirin/matsusaka/racecard/2026072147/3/3,2-4-5,5-2,2-5,5-2,2-5,2-4|2-5|4-5,"{""5-2-4"": 250}","{""2-4-5"": 170}","{""5-2"": 210}","{""2-5"": 180}","{""2-4"": 130, ""2-5"": 100, ""4-5"": 140}",{},{},1784791020.0,1784790720.0
034820260803,3-5-4,135.5,3,1785760838,https://www.winticket.jp/keirin/yokkaichi/racecard/2026080348/1/3,3-4-5,3-5,3-5,3-5,3-5,3-4|3-5|4-5,"{""3-5-4"": 13550}","{""3-4-5"": 990}","{""3-5"": 5430}","{""3-5"": 4190}","{""3-4"": 230, ""3-5"": 700, ""4-5"": 250}",{},{},1785760140.0,1785759840.0
035320260717,1-3-2,10.1,3,1784292104,https://www.winticket.jp/keirin/nara/racecard/2026071653/2/3,1-2-3,1-3,1-3,1-3,1-3,1-2|1-3|2-3,"{""1-3-2"": 1010}","{""1-2-3"": 550}","{""1-3"": 320}","{""1-3"": 370}","{""1-2"": 140, ""1-3"": 160, ""2-3"": 420}",{},{},1784291400.0,1784291100.0
035320260803,6-3-1,7142.6,3,1785762368,https://www.winticket.jp/keirin/nara/racecard/2026080353/1/3,1-3-6,6-3,3-6,6-3,3-6,1-3|1-6|3-6,"{""6-3-1"": 714260}","{""1-3-6"": 25700}","{""6-3"": 85570}","{""3-6"": 26370}","{""1-3"": 840, ""1-6"": 5690, ""3-6"": 1630}",{},{},1785761100.0,1785760800.0
035320260821,4-7-1,17.5,3,1787281624,https://www.winticket.jp/keirin/nara/racecard/2026082053/2/3,1-4-7,4-7,4-7,4-6,4-6,1-4|1-7|4-7,"{""4-7-1"": 1750}","{""1-4-7"": 280}","{""4-7"": 760}","{""4-7"": 180}","{""1-4"": 260, ""1-7"": 240, ""4-7"": 130}",{},{},1787280720.0,1787280420.0
038520260731,1-5-2,7.1,3,1785465994,https://www.winticket.jp/keirin/sasebo/racecard/2026073185/1/3,1-2-5,1-5,1-5,1-5,1-5,1-2|1-5|2-5,"{""1-5-2"": 710}","{""1-2-5"": 240}","{""1-5"": 270}","{""1-5"": 140}","{""1-2"": 180, ""1-5"": 110, ""2-5"": 130}",{},{},1785465240.0,1785464940.0
041320260712,3-1-7,133.5,3,1783861593,https://www.winticket.jp/keirin/iwakidaira/racecard/2026071013/3/4,1-3-7,3-1,1-3,3-1,1-3,1-3|1-7|3-7,"{""3-1-7"": 13350}","{""1-3-7"": 1150}","{""3-1"": 2460}","{""1-3"": 960}","{""1-3"": 190, ""1-7"": 170, ""3-7"": 800}",{},{},1783860600.0,1783860300.0
042220260710,5-2-4,166.0,3,1783654299,https://www.winticket.jp/keirin/maebashi/racecard/2026071022/1/4,2-4-5,5-2,2-5,5-2,2-5,2-4|2-5|4-5,"{""5-2-4"": 16600}","{""2-4-5"": 5100}","{""5-2"": 4260}","{""2-5"": 1840}","{""2-4"": 600, ""2-5"": 330, ""4-5"": 510}",{},{},1783653720.0,1783653420.0
042620260716,4-3-1,2.4,3,1784190084,https://www.winticket.jp/keirin/seibuen/racecard/2026071626/1/4,1-3-4,4-3,3-4,4-3,3-4,1-3|1-4|3-4,"{""4-3-1"": 240}","{""1-3-4"": 180}","{""4-3"": 150}","{""3-4"": 140}","{""1-3"": 170, ""1-4"": 150, ""3-4"": 100}",{},{},1784189520.0,1784189220.0
042620260728,2-1-3,1.6,3,1785242912,https://www.winticket.jp/keirin/seibuen/racecard/2026072826/1/4,1-2-3,2-1,1-2,2-1,1-2,1-2|1-3|2-3,"{""2-1-3"": 160}","{""1-2-3"": 130}","{""2-1"": 150}","{""1-2"": 110}","{""1-2"": 100, ""1-3"": 130, ""2-3"": 130}",{},{},1785242400.0,1785242100.0
042620260831,4-3-5,2.2,3,1788146898,https://www.winticket.jp/keirin/seibuen/racecard/2026083126/1/4,3-4-5,4-3,3-4,4-3,3-4,3-4|3-5|4-5,"{""4-3-5"": 220}","{""3-4-5"": 140}","{""4-3"": 170}","{""3-4"": 120}","{""3-4"": 100, ""3-5"": 120, ""4-5"": 160}",{},{},1788146340.0,1788146040.0
042720260714,3-5-2,15.9,3,1784033960,https://www.winticket.jp/keirin/keiokaku/racecard/2026071327/2/4,2-3-5,3-5,3-5,3-5,3-5,2-3|2-5|3-5,"{""3-5-2"": 1590}","{""2-3-5"": 690}","{""3-5"": 640}","{""3-5"": 400}","{""2-3"": 250, ""2-5"": 780, ""3-5"": 230}",{},{},1784033400.0,1784033100.0
042720260715,2-3-1,28.4,3,1784120459,https://www.winticket.jp/keirin/keiokaku/racecard/2026071327/3/4,1-2-3,2-3,2-3,2-3,2-3,1-2|1-3|2-3,"{""2-3-1"": 2840}","{""1-2-3"": 770}","{""2-3"": 1590}","{""2-3"": 1230}","{""1-2"": 200, ""1-3"": 340, ""2-3"": 630}",{},{},1784119800.0,1784119500.0
042720260721,4-2-1,46.1,3,1784638857,https://www.winticket.jp/keirin/keiokaku/racecard/2026071927/3/4,1-2-4,4-2,2-4,4-2,2-4,1-2|1-4|2-4,"{""4-2-1"": 4610}","{""1-2-4"": 410}","{""4-2"": 2700}","{""2-4"": 1090}","{""1-2"": 120, ""1-4"": 340, ""2-4"": 250}",{},{},1784638200.0,1784637900.0
042820260728,5-3-4,99.5,3,1785208646,https://www.winticket.jp/keirin/tachikawa/racecard/2026072728/2/4,3-4-5,5-3,3-5,5-3,3-5,3-4|3-5|4-5,"{""5-3-4"": 9950}","{""3-4-5"": 3690}","{""5-3"": 1440}","{""3-5"": 1570}","{""3-4"": 1060, ""3-5"": 370, ""4-5"": 290}",{},{},1785208080.0,1785207780.0
042820260808,1-7-6,205.8,3,1786159143,https://www.winticket.jp/keirin/tachikawa/racecard/2026080828/1/4,1-6-7,1-7,1-7,1-6,1-6,1-6|1-7|6-7,"{""1-7-6"": 20580}","{""1-6-7"": 18670}","{""1-7"": 1550}","{""1-7"": 2940}","{""1-6"": 4000, ""1-7"": 1110, ""6-7"": 18930}",{},{},1786158540.0,1786158240.0
043520260728,1-4-5,8.5,3,1785227372,https://www.winticket.jp/keirin/hiratsuka/racecard/2026072835/1/4,1-4-5,1-4,1-4,1-4,1-4,1-4|1-5|4-5,"{""1-4-5"": 850}","{""1-4-5"": 430}","{""1-4"": 190}","{""1-4"": 130}","{""1-4"": 100, ""1-5"": 320, ""4-5"": 320}",{},{},1785226680.0,1785226380.0
043720260711,4-3-1,23.3,3,1783757753,https://www.winticket.jp/keirin/ito/racecard/2026071037/2/4,1-3-4,4-3,3-4,4-3,3-4,1-3|1-4|3-4,"{""4-3-1"": 2330}","{""1-3-4"": 640}","{""4-3"": 1280}","{""3-4"": 630}","{""1-3"": 270, ""1-4"": 280, ""3-4"": 420}",{},{},1783757160.0,1783756860.0
043720260806,1-3-2,11.6,3,1786021139,https://www.winticket.jp/keirin/ito/racecard/2026080637/1/4,1-2-3,1-3,1-3,1-3,1-3,1-2|1-3|2-3,"{""1-3-2"": 1160}","{""1-2-3"": 200}","{""1-3"": 480}","{""1-3"": 400}","{""1-2"": 110, ""1-3"": 120, ""2-3"": 200}",{},{},1786020600.0,1786020300.0
044220260806,7-2-1,219.9,3,1786004233,https://www.winticket.jp/keirin/nagoya/racecard/2026080442/3/4,1-2-7,7-2,2-7,6-2,2-6,1-2|1-7|2-7,"{""7-2-1"": 21990}","{""1-2-7"": 4150}","{""7-2"": 3460}","{""2-7"": 2000}","{""1-2"": 820, ""1-7"": 690, ""2-7"": 730}",{},{},1786003500.0,1786003200.0
044320260730,3-5-1,5.3,3,1785382428,https://www.winticket.jp/keirin/gifu/racecard/2026073043/1/4,1-3-5,3-5,3-5,3-5,3-5,1-3|1-5|3-5,"{""3-5-1"": 530}","{""1-3-5"": 370}","{""3-5"": 150}","{""3-5"": 120}","{""1-3"": 170, ""1-5"": 380, ""3-5"": 120}",{},{},1785381720.0,1785381420.0
044320260731,5-2-7,2.3,3,1785468588,https://www.winticket.jp/keirin/gifu/racecard/2026073043/2/4,2-5-7,5-2,2-5,5-2,2-5,2-5|2-7|5-7,"{""5-2-7"": 230}","{""2-5-7"": 190}","{""5-2"": 160}","{""2-5"": 110}","{""2-5"": 110, ""2-7"": 180, ""5-7"": 170}",{},{},1785467940.0,1785467640.0
044520260805,2-6-3,300.7,3,1785901085,https://www.winticket.jp/keirin/toyohashi/racecard/2026080545/1/4,2-3-6,2-6,2-6,2-6,2-6,2-3|2-6|3-6,"{""2-6-3"": 30070}","{""2-3-6"": 8130}","{""2-6"": 6400}","{""2-6"": 6420}","{""2-3"": 560, ""2-6"": 1960, ""3-6"": 4100}",{},{},1785900120.0,1785899820.0
044620260812,2-5-7,2.2,3,1786506031,https://www.winticket.jp/keirin/toyama/racecard/2026081046/3/4,2-5-7,2-5,2-5,2-5,2-5,2-5|2-7|5-7,"{""2-5-7"": 220}","{""2-5-7"": 140}","{""2-5"": 150}","{""2-5"": 130}","{""2-5"": 100, ""2-7"": 130, ""5-7"": 140}",{},{},1786505340.0,1786505040.0
045320260717,5-1-3,29.7,3,1784293185,https://www.winticket.jp/keirin/nara/racecard/2026071653/2/4,1-3-5,5-1,1-5,5-1,1-5,1-3|1-5|3-5,"{""5-1-3"": 2970}","{""1-3-5"": 540}","{""5-1"": 1880}","{""1-5"": 950}","{""1-3"": 170, ""1-5"": 360, ""3-5"": 440}",{},{},1784292600.0,1784292300.0
045320260718,2-6-3,12.4,3,1784379537,https://www.winticket.jp/keirin/nara/racecard/2026071653/3/4,2-3-6,2-6,2-6,2-6,2-6,2-3|2-6|3-6,"{""2-6-3"": 1240}","{""2-3-6"": 480}","{""2-6"": 670}","{""2-6"": 410}","{""2-3"": 250, ""2-6"": 240, ""3-6"": 520}",{},{},1784379000.0,1784378700.0
045320260820,4-1-7,2.4,3,1787196551,https://www.winticket.jp/keirin/nara/racecard/2026082053/1/4,1-4-7,4-1,1-4,4-1,1-4,1-4|1-7|4-7,"{""4-1-7"": 240}","{""1-4-7"": 130}","{""4-1"": 190}","{""1-4"": 120}","{""1-4"": 100, ""1-7"": 120, ""4-7"": 140}",{},{},1787195940.0,1787195640.0
046120260803,1-4-3,9.5,3,1785762608,https://www.winticket.jp/keirin/tamano/racecard/2026080361/1/4,1-3-4,1-4,1-4,1-4,1-4,1-3|1-4|3-4,"{""1-4-3"": 950}","{""1-3-4"": 290}","{""1-4"": 290}","{""1-4"": 140}","{""1-3"": 180, ""1-4"": 130, ""3-4"": 240}",{},{},1785762060.0,1785761760.0
046220260715,7-6-2,47.5,3,1784119664,https://www.winticket.jp/keirin/hiroshima/racecard/2026071362/3/4,2-6-7,7-6,6-7,6-6,6-6,2-6|2-7|6-7,"{""7-6-2"": 4750}","{""2-6-7"": 350}","{""7-6"": 2020}","{""6-7"": 720}","{""2-6"": 200, ""2-7"": 330, ""6-7"": 230}",{},{},1784119200.0,1784118900.0
046220260723,1-3-4,16.0,3,1784811654,https://www.winticket.jp/keirin/hiroshima/racecard/2026072262/2/4,1-3-4,1-3,1-3,1-3,1-3,1-3|1-4|3-4,"{""1-3-4"": 1600}","{""1-3-4"": 1070}","{""1-3"": 180}","{""1-3"": 140}","{""1-3"": 150, ""1-4"": 270, ""3-4"": 670}",{},{},1784811180.0,1784810880.0
046220260724,1-2-5,5.8,3,1784898019,https://www.winticket.jp/keirin/hiroshima/racecard/2026072262/3/4,1-2-5,1-2,1-2,1-2,1-2,1-2|1-5|2-5,"{""1-2-5"": 580}","{""1-2-5"": 400}","{""1-2"": 270}","{""1-2"": 170}","{""1-2"": 140, ""1-5"": 220, ""2-5"": 290}",{},{},1784897580.0,1784897280.0
046220260804,7-4-1,70.6,3,1785804860,https://www.winticket.jp/keirin/hiroshima/racecard/2026080362/2/4,1-4-7,7-4,4-7,6-4,4-6,1-4|1-7|4-7,"{""7-4-1"": 7060}","{""1-4-7"": 970}","{""7-4"": 3800}","{""4-7"": 1590}","{""1-4"": 250, ""1-7"": 390, ""4-7"": 400}",{},{},1785804000.0,1785803700.0
046320260801,2-7-4,37.7,3,1785545458,https://www.winticket.jp/keirin/hofu/racecard/2026073163/2/4,2-4-7,2-7,2-7,2-6,2-6,2-4|2-7|4-7,"{""2-7-4"": 3770}","{""2-4-7"": 1220}","{""2-7"": 190}","{""2-7"": 140}","{""2-4"": 310, ""2-7"": 100, ""4-7"": 960}",{},{},1785544800.0,1785544500.0
047520260727,6-1-4,284.5,3,1785157295,https://www.winticket.jp/keirin/matsuyama/racecard/2026072575/3/4,1-4-6,6-1,1-6,6-1,1-6,1-4|1-6|4-6,"{""6-1-4"": 28450}","{""1-4-6"": 2510}","{""6-1"": 7110}","{""1-6"": 6210}","{""1-4"": 980, ""1-6"": 1140, ""4-6"": 290}",{},{},1785156600.0,1785156300.0
048520260802,1-5-6,6.6,3,1785640769,https://www.winticket.jp/keirin/sasebo/racecard/2026073185/3/4,1-5-6,1-5,1-5,1-5,1-5,1-5|1-6|5-6,"{""1-5-6"": 660}","{""1-5-6"": 390}","{""1-5"": 330}","{""1-5"": 210}","{""1-5"": 130, ""1-6"": 300, ""5-6"": 340}",{},{},1785640080.0,1785639780.0
051220260730,5-1-3,1.4,3,1785373312,https://www.winticket.jp/keirin/aomori/racecard/2026073012/1/5,1-3-5,5-1,1-5,5-1,1-5,1-3|1-5|3-5,"{""5-1-3"": 140}","{""1-3-5"": 120}","{""5-1"": 120}","{""1-5"": 120}","{""1-3"": 120, ""1-5"": 100, ""3-5"": 110}",{},{},1785372780.0,1785372480.0
051220260731,4-2-5,1.3,3,1785459543,https://www.winticket.jp/keirin/aomori/racecard/2026073012/2/5,2-4-5,4-2,2-4,4-2,2-4,2-4|2-5|4-5,"{""4-2-5"": 130}","{""2-4-5"": 120}","{""4-2"": 100}","{""2-4"": 100}","{""2-4"": 100, ""2-5"": 110, ""4-5"": 110}",{},{},1785459000.0,1785458700.0
051320260711,2-3-4,11.4,3,1783776254,https://www.winticket.jp/keirin/iwakidaira/racecard/2026071013/2/5,2-3-4,2-3,2-3,2-3,2-3,2-3|2-4|3-4,"{""2-3-4"": 1140}","{""2-3-4"": 250}","{""2-3"": 500}","{""2-3"": 210}","{""2-3"": 140, ""2-4"": 140, ""3-4"": 250}",{},{},1783775400.0,1783775100.0
051320260718,1-4-2,9.0,3,1784380242,https://www.winticket.jp/keirin/iwakidaira/racecard/2026071613/3/5,1-2-4,1-4,1-4,1-4,1-4,1-2|1-4|2-4,"{""1-4-2"": 900}","{""1-2-4"": 200}","{""1-4"": 530}","{""1-4"": 380}","{""1-2"": 110, ""1-4"": 140, ""2-4"": 150}",{},{},1784379600.0,1784379300.0
051320260722,2-1-3,14.7,3,1784727503,https://www.winticket.jp/keirin/iwakidaira/racecard/2026072213/1/5,1-2-3,2-1,1-2,2-1,1-2,1-2|1-3|2-3,"{""2-1-3"": 1470}","{""1-2-3"": 400}","{""2-1"": 370}","{""1-2"": 130}","{""1-2"": 130, ""1-3"": 200, ""2-3"": 220}",{},{},1784726820.0,1784726520.0
052620260805,1-3-2,33.6,3,1785919286,https://www.winticket.jp/keirin/seibuen/racecard/2026080326/3/5,1-2-3,1-3,1-3,1-3,1-3,1-2|1-3|2-3,"{""1-3-2"": 3360}","{""1-2-3"": 680}","{""1-3"": 1560}","{""1-3"": 1570}","{""1-2"": 160, ""1-3"": 350, ""2-3"": 460}",{},{},1785918660.0,1785918360.0
052720260713,1-6-5,32.3,3,1783948814,https://www.winticket.jp/keirin/keiokaku/racecard/2026071327/1/5,1-5-6,1-6,1-6,1-6,1-6,1-5|1-6|5-6,"{""1-6-5"": 3230}","{""1-5-6"": 480}","{""1-6"": 1430}","{""1-6"": 1220}","{""1-5"": 230, ""1-6"": 230, ""5-6"": 450}",{},{},1783948200.0,1783947900.0
052720260719,2-4-6,77.9,3,1784467233,https://www.winticket.jp/keirin/keiokaku/racecard/2026071927/1/5,2-4-6,2-4,2-4,2-4,2-4,2-4|2-6|4-6,"{""2-4-6"": 7790}","{""2-4-6"": 1870}","{""2-4"": 2040}","{""2-4"": 1090}","{""2-4"": 390, ""2-6"": 480, ""4-6"": 750}",{},{},1784466600.0,1784466300.0
054220260712,3-6-1,13.8,3,1783861848,https://www.winticket.jp/keirin/nagoya/racecard/2026071042/3/5,1-3-6,3-6,3-6,3-6,3-6,1-3|1-6|3-6,"{""3-6-1"": 1380}","{""1-3-6"": 190}","{""3-6"": 810}","{""3-6"": 590}","{""1-3"": 130, ""1-6"": 140, ""3-6"": 150}",{},{},1783861200.0,1783860900.0
054320260730,4-5-3,37.4,3,1785384458,https://www.winticket.jp/keirin/gifu/racecard/2026073043/1/5,3-4-5,4-5,4-5,4-5,4-5,3-4|3-5|4-5,"{""4-5-3"": 3740}","{""3-4-5"": 1230}","{""4-5"": 1090}","{""4-5"": 840}","{""3-4"": 190, ""3-5"": 860, ""4-5"": 310}",{},{},1785383520.0,1785383220.0
055320260803,3-5-6,754.3,3,1785764809,https://www.winticket.jp/keirin/nara/racecard/2026080353/1/5,3-5-6,3-5,3-5,3-5,3-5,3-5|3-6|5-6,"{""3-5-6"": 75430}","{""3-5-6"": 19640}","{""3-5"": 7020}","{""3-5"": 5120}","{""3-5"": 600, ""3-6"": 1420, ""5-6"": 4480}",{},{},1785764160.0,1785763860.0
055320260815,1-7-3,3.0,3,1786764860,https://www.winticket.jp/keirin/nara/racecard/2026081453/2/5,1-3-7,1-7,1-7,1-6,1-6,1-3|1-7|3-7,"{""1-7-3"": 300}","{""1-3-7"": 220}","{""1-7"": 160}","{""1-7"": 120}","{""1-3"": 170, ""1-7"": 100, ""3-7"": 210}",{},{},1786764240.0,1786763940.0
055520260730,7-1-5,23.4,3,1785383378,https://www.winticket.jp/keirin/wakayama/racecard/2026072955/2/5,1-5-7,7-1,1-7,6-1,1-6,1-5|1-7|5-7,"{""7-1-5"": 2340}","{""1-5-7"": 1060}","{""7-1"": 380}","{""1-7"": 280}","{""1-5"": 420, ""1-7"": 140, ""5-7"": 390}",{},{},1785382620.0,1785382320.0
056320260825,6-5-3,27.1,3,1787629710,https://www.winticket.jp/keirin/hofu/racecard/2026082363/3/5,3-5-6,6-5,5-6,6-5,5-6,3-5|3-6|5-6,"{""6-5-3"": 2710}","{""3-5-6"": 410}","{""6-5"": 890}","{""5-6"": 690}","{""3-5"": 240, ""3-6"": 160, ""5-6"": 140}",{},{},1787629020.0,1787628720.0
057320260804,4-3-2,67.0,3,1785815356,https://www.winticket.jp/keirin/komatsushima/racecard/2026080473/1/5,2-3-4,4-3,3-4,4-3,3-4,2-3|2-4|3-4,"{""4-3-2"": 6700}","{""2-3-4"": 2470}","{""4-3"": 910}","{""3-4"": 960}","{""2-3"": 2040, ""2-4"": 410, ""3-4"": 370}",{},{},1785814440.0,1785814140.0
058420260821,1-4-5,13.4,3,1787274436,https://www.winticket.jp/keirin/takeo/racecard/2026082184/1/5,1-4-5,1-4,1-4,1-4,1-4,1-4|1-5|4-5,"{""1-4-5"": 1340}","{""1-4-5"": 820}","{""1-4"": 490}","{""1-4"": 370}","{""1-4"": 190, ""1-5"": 500, ""4-5"": 590}",{},{},1787273580.0,1787273280.0
058520260801,3-7-4,1185.2,3,1785555718,https://www.winticket.jp/keirin/sasebo/racecard/2026073185/2/5,3-4-7,3-7,3-7,3-6,3-6,3-4|3-7|4-7,"{""3-7-4"": 118520}","{""3-4-7"": 7510}","{""3-7"": 11990}","{""3-7"": 2730}","{""3-4"": 2450, ""3-7"": 470, ""4-7"": 480}",{},{},1785554880.0,1785554580.0
058520260802,4-1-3,11.1,3,1785642589,https://www.winticket.jp/keirin/sasebo/racecard/2026073185/3/5,1-3-4,4-1,1-4,4-1,1-4,1-3|1-4|3-4,"{""4-1-3"": 1110}","{""1-3-4"": 580}","{""4-1"": 440}","{""1-4"": 380}","{""1-3"": 330, ""1-4"": 160, ""3-4"": 220}",{},{},1785641760.0,1785641460.0
061320260717,1-6-3,98.9,3,1784295079,https://www.winticket.jp/keirin/iwakidaira/racecard/2026071613/2/6,1-3-6,1-6,1-6,1-6,1-6,1-3|1-6|3-6,"{""1-6-3"": 9890}","{""1-3-6"": 3770}","{""1-6"": 2890}","{""1-6"": 2360}","{""1-3"": 270, ""1-6"": 440, ""3-6"": 1410}",{},{},1784294400.0,1784294100.0
061320260722,2-1-4,11.8,3,1784729142,https://www.winticket.jp/keirin/iwakidaira/racecard/2026072213/1/6,1-2-4,2-1,1-2,2-1,1-2,1-2|1-4|2-4,"{""2-1-4"": 1180}","{""1-2-4"": 280}","{""2-1"": 580}","{""1-2"": 170}","{""1-2"": 130, ""1-4"": 200, ""2-4"": 250}",{},{},1784728440.0,1784728140.0
062320260728,3-7-2,97.0,3,1785201706,https://www.winticket.jp/keirin/toride/racecard/2026072623/3/6,2-3-7,3-7,3-7,3-6,3-6,2-3|2-7|3-7,"{""3-7-2"": 9700}","{""2-3-7"": 520}","{""3-7"": 2490}","{""3-7"": 260}","{""2-3"": 590, ""2-7"": 210, ""3-7"": 160}",{},{},1785201000.0,1785200700.0
062620260718,5-4-1,147.8,3,1784364636,https://www.winticket.jp/keirin/seibuen/racecard/2026071626/3/6,1-4-5,5-4,4-5,5-4,4-5,1-4|1-5|4-5,"{""5-4-1"": 14780}","{""1-4-5"": 3040}","{""5-4"": 3930}","{""4-5"": 2260}","{""1-4"": 640, ""1-5"": 1290, ""4-5"": 590}",{},{},1784363940.0,1784363640.0
062620260805,3-5-1,29.5,3,1785920730,https://www.winticket.jp/keirin/seibuen/racecard/2026080326/3/6,1-3-5,3-5,3-5,3-5,3-5,1-3|1-5|3-5,"{""3-5-1"": 2950}","{""1-3-5"": 1210}","{""3-5"": 870}","{""3-5"": 590}","{""1-3"": 200, ""1-5"": 430, ""3-5"": 260}",{},{},1785920100.0,1785919800.0
062720260713,1-6-3,22.2,3,1783950064,https://www.winticket.jp/keirin/keiokaku/racecard/2026071327/1/6,1-3-6,1-6,1-6,1-6,1-6,1-3|1-6|3-6,"{""1-6-3"": 2220}","{""1-3-6"": 300}","{""1-6"": 1160}","{""1-6"": 250}","{""1-3"": 240, ""1-6"": 160, ""3-6"": 170}",{},{},1783949400.0,1783949100.0
062720260720,1-4-3,43.1,3,1784554899,https://www.winticket.jp/keirin/keiokaku/racecard/2026071927/2/6,1-3-4,1-4,1-4,1-4,1-4,1-3|1-4|3-4,"{""1-4-3"": 4310}","{""1-3-4"": 2540}","{""1-4"": 350}","{""1-4"": 340}","{""1-3"": 490, ""1-4"": 180, ""3-4"": 1050}",{},{},1784554200.0,1784553900.0
062720260721,1-2-7,117.9,3,1784641217,https://www.winticket.jp/keirin/keiokaku/racecard/2026071927/3/6,1-2-7,1-2,1-2,1-2,1-2,1-2|1-7|2-7,"{""1-2-7"": 11790}","{""1-2-7"": 640}","{""1-2"": 3180}","{""1-2"": 1180}","{""1-2"": 290, ""1-7"": 300, ""2-7"": 140}",{},{},1784640600.0,1784640300.0
063720260722,4-3-6,35.4,3,1784729472,https://www.winticket.jp/keirin/ito/racecard/2026072237/1/6,3-4-6,4-3,3-4,4-3,3-4,3-4|3-6|4-6,"{""4-3-6"": 3540}","{""3-4-6"": 2740}","{""4-3"": 750}","{""3-4"": 580}","{""3-4"": 250, ""3-6"": 1610, ""4-6"": 2150}",{},{},1784728980.0,1784728680.0
063720260723,1-6-2,157.2,3,1784815915,https://www.winticket.jp/keirin/ito/racecard/2026072237/2/6,1-2-6,1-6,1-6,1-6,1-6,1-2|1-6|2-6,"{""1-6-2"": 15720}","{""1-2-6"": 1250}","{""1-6"": 4320}","{""1-6"": 2330}","{""1-2"": 320, ""1-6"": 720, ""2-6"": 670}",{},{},1784815380.0,1784815080.0
064320260801,2-1-6,8.4,3,1785558644,https://www.winticket.jp/keirin/gifu/racecard/2026073043/3/6,1-2-6,2-1,1-2,2-1,1-2,1-2|1-6|2-6,"{""2-1-6"": 840}","{""1-2-6"": 210}","{""2-1"": 490}","{""1-2"": 240}","{""1-2"": 100, ""1-6"": 160, ""2-6"": 130}",{},{},1785557580.0,1785557280.0
064520260719,2-1-4,30.0,3,1784467912,https://www.winticket.jp/keirin/toyohashi/racecard/2026071945/1/6,1-2-4,2-1,1-2,2-1,1-2,1-2|1-4|2-4,"{""2-1-4"": 3000}","{""1-2-4"": 1090}","{""2-1"": 230}","{""1-2"": 130}","{""1-2"": 150, ""1-4"": 670, ""2-4"": 450}",{},{},1784467200.0,1784466900.0
064520260805,6-2-4,4.6,3,1785904550,https://www.winticket.jp/keirin/toyohashi/racecard/2026080545/1/6,2-4-6,6-2,2-6,6-2,2-6,2-4|2-6|4-6,"{""6-2-4"": 460}","{""2-4-6"": 270}","{""6-2"": 170}","{""2-6"": 200}","{""2-4"": 210, ""2-6"": 100, ""4-6"": 180}",{},{},1785903720.0,1785903420.0
064820260803,2-1-4,6.8,3,1785765349,https://www.winticket.jp/keirin/yokkaichi/racecard/2026080348/1/6,1-2-4,2-1,1-2,2-1,1-2,1-2|1-4|2-4,"{""2-1-4"": 680}","{""1-2-4"": 160}","{""2-1"": 400}","{""1-2"": 130}","{""1-2"": 100, ""1-4"": 130, ""2-4"": 140}",{},{},1785764700.0,1785764400.0
066120260803,1-7-2,95.2,3,1785765800,https://www.winticket.jp/keirin/tamano/racecard/2026080361/1/6,1-2-7,1-7,1-7,1-6,1-6,1-2|1-7|2-7,"{""1-7-2"": 9520}","{""1-2-7"": 2170}","{""1-7"": 3350}","{""1-7"": 1790}","{""1-2"": 310, ""1-7"": 480, ""2-7"": 690}",{},{},1785765240.0,1785764940.0
066220260803,5-1-7,2.8,3,1785720432,https://www.winticket.jp/keirin/hiroshima/racecard/2026080362/1/6,1-5-7,5-1,1-5,5-1,1-5,1-5|1-7|5-7,"{""5-1-7"": 280}","{""1-5-7"": 160}","{""5-1"": 200}","{""1-5"": 120}","{""1-5"": 100, ""1-7"": 140, ""5-7"": 140}",{},{},1785719640.0,1785719340.0
066320260824,5-3-7,4.4,3,1787545759,https://www.winticket.jp/keirin/hofu/racecard/2026082363/2/6,3-5-7,5-3,3-5,5-3,3-5,3-5|3-7|5-7,"{""5-3-7"": 440}","{""3-5-7"": 300}","{""5-3"": 310}","{""3-5"": 270}","{""3-5"": 150, ""3-7"": 260, ""5-7"": 140}",{},{},1787544720.0,1787544420.0
066320260825,2-5-7,27.6,3,1787631855,https://www.winticket.jp/keirin/hofu/racecard/2026082363/3/6,2-5-7,2-5,2-5,2-5,2-5,2-5|2-7|5-7,"{""2-5-7"": 2760}","{""2-5-7"": 1950}","{""2-5"": 980}","{""2-5"": 700}","{""2-5"": 250, ""2-7"": 600, ""5-7"": 1310}",{},{},1787630640.0,1787630340.0
067520260726,1-2-3,5.9,3,1785073379,https://www.winticket.jp/keirin/matsuyama/racecard/2026072575/2/6,1-2-3,1-2,1-2,1-2,1-2,1-2|1-3|2-3,"{""1-2-3"": 590}","{""1-2-3"": 450}","{""1-2"": 450}","{""1-2"": 320}","{""1-2"": 150, ""1-3"": 240, ""2-3"": 380}",{},{},1785072600.0,1785072300.0
068420260726,1-4-2,331.4,3,1785072830,https://www.winticket.jp/keirin/takeo/racecard/2026072584/2/6,1-2-4,1-4,1-4,1-4,1-4,1-2|1-4|2-4,"{""1-4-2"": 33140}","{""1-2-4"": 3470}","{""1-4"": 6340}","{""1-4"": 2860}","{""1-2"": 130, ""1-4"": 810, ""2-4"": 530}",{},{},1785072000.0,1785071700.0
068520260802,5-2-7,6.8,3,1785644279,https://www.winticket.jp/keirin/sasebo/racecard/2026073185/3/6,2-5-7,5-2,2-5,5-2,2-5,2-5|2-7|5-7,"{""5-2-7"": 680}","{""2-5-7"": 190}","{""5-2"": 420}","{""2-5"": 170}","{""2-5"": 100, ""2-7"": 140, ""5-7"": 200}",{},{},1785643440.0,1785643140.0
071320260716,4-2-3,196.3,3,1784210121,https://www.winticket.jp/keirin/iwakidaira/racecard/2026071613/1/7,2-3-4,4-2,2-4,4-2,2-4,2-3|2-4|3-4,"{""4-2-3"": 19630}","{""2-3-4"": 5740}","{""4-2"": 2930}","{""2-4"": 1120}","{""2-3"": 240, ""2-4"": 300, ""3-4"": 1710}",{},{},1784209200.0,1784208900.0
071320260724,2-3-4,49.4,3,1784903549,https://www.winticket.jp/keirin/iwakidaira/racecard/2026072213/3/7,2-3-4,2-3,2-3,2-3,2-3,2-3|2-4|3-4,"{""2-3-4"": 4940}","{""2-3-4"": 760}","{""2-3"": 1610}","{""2-3"": 530}","{""2-3"": 330, ""2-4"": 620, ""3-4"": 330}",{},{},1784902860.0,1784902560.0
072620260717,1-2-3,5.0,3,1784279708,https://www.winticket.jp/keirin/seibuen/racecard/2026071626/2/7,1-2-3,1-2,1-2,1-2,1-2,1-2|1-3|2-3,"{""1-2-3"": 500}","{""1-2-3"": 440}","{""1-2"": 230}","{""1-2"": 150}","{""1-2"": 110, ""1-3"": 330, ""2-3"": 360}",{},{},1784279160.0,1784278860.0
072620260805,4-3-1,10.5,3,1785922161,https://www.winticket.jp/keirin/seibuen/racecard/2026080326/3/7,1-3-4,4-3,3-4,4-3,3-4,1-3|1-4|3-4,"{""4-3-1"": 1050}","{""1-3-4"": 190}","{""4-3"": 680}","{""3-4"": 200}","{""1-3"": 140, ""1-4"": 180, ""3-4"": 100}",{},{},1785921540.0,1785921240.0
072720260720,1-3-6,17.3,3,1784556045,https://www.winticket.jp/keirin/keiokaku/racecard/2026071927/2/7,1-3-6,1-3,1-3,1-3,1-3,1-3|1-6|3-6,"{""1-3-6"": 1730}","{""1-3-6"": 1060}","{""1-3"": 320}","{""1-3"": 290}","{""1-3"": 200, ""1-6"": 390, ""3-6"": 540}",{},{},1784555400.0,1784555100.0
072720260721,2-1-6,16.1,3,1784642427,https://www.winticket.jp/keirin/keiokaku/racecard/2026071927/3/7,1-2-6,2-1,1-2,2-1,1-2,1-2|1-6|2-6,"{""2-1-6"": 1610}","{""1-2-6"": 1030}","{""2-1"": 270}","{""1-2"": 190}","{""1-2"": 180, ""1-6"": 860, ""2-6"": 440}",{},{},1784641800.0,1784641500.0
073620260801,7-2-1,19.4,3,1785559665,https://www.winticket.jp/keirin/odawara/racecard/2026080136/1/7,1-2-7,7-2,2-7,5-2,2-5,1-2|1-7|2-7,"{""7-2-1"": 1940}","{""1-2-7"": 1020}","{""7-2"": 200}","{""2-7"": 110}","{""1-2"": 600, ""1-7"": 510, ""2-7"": 100}","{""5-2"": 210}","{""2-5"": 120}",1785558780.0,1785558480.0
073720260827,4-1-6,1.6,3,1787794769,https://www.winticket.jp/keirin/ito/racecard/2026082737/1/7,1-4-6,4-1,1-4,4-1,1-4,1-4|1-6|4-6,"{""4-1-6"": 160}","{""1-4-6"": 150}","{""4-1"": 110}","{""1-4"": 100}","{""1-4"": 100, ""1-6"": 140, ""4-6"": 140}",{},{},1787794200.0,1787793900.0
074520260720,2-4-5,16.9,3,1784555515,https://www.winticket.jp/keirin/toyohashi/racecard/2026071945/2/7,2-4-5,2-4,2-4,2-4,2-4,2-4|2-5|4-5,"{""2-4-5"": 1690}","{""2-4-5"": 1060}","{""2-4"": 570}","{""2-4"": 490}","{""2-4"": 210, ""2-5"": 200, ""4-5"": 460}",{},{},1784554800.0,1784554500.0
074520260721,4-1-3,44.1,3,1784641917,https://www.winticket.jp/keirin/toyohashi/racecard/2026071945/3/7,1-3-4,4-1,1-4,4-1,1-4,1-3|1-4|3-4,"{""4-1-3"": 4410}","{""1-3-4"": 1390}","{""4-1"": 1740}","{""1-4"": 800}","{""1-3"": 270, ""1-4"": 340, ""3-4"": 460}",{},{},1784641200.0,1784640900.0
075320260716,1-2-5,1.8,3,1784210350,https://www.winticket.jp/keirin/nara/racecard/2026071653/1/7,1-2-5,1-2,1-2,1-2,1-2,1-2|1-5|2-5,"{""1-2-5"": 180}","{""1-2-5"": 140}","{""1-2"": 140}","{""1-2"": 120}","{""1-2"": 100, ""1-5"": 100, ""2-5"": 120}",{},{},1784209800.0,1784209500.0
075320260803,1-4-3,3.5,3,1785768039,https://www.winticket.jp/keirin/nara/racecard/2026080353/1/7,1-3-4,1-4,1-4,1-4,1-4,1-3|1-4|3-4,"{""1-4-3"": 350}","{""1-3-4"": 190}","{""1-4"": 250}","{""1-4"": 140}","{""1-3"": 130, ""1-4"": 110, ""3-4"": 170}",{},{},1785767400.0,1785767100.0
076120260805,3-7-1,192.6,3,1785940176,https://www.winticket.jp/keirin/tamano/racecard/2026080361/3/7,1-3-7,3-7,3-7,3-6,3-6,1-3|1-7|3-7,"{""3-7-1"": 19260}","{""1-3-7"": 1280}","{""3-7"": 6180}","{""3-7"": 3030}","{""1-3"": 470, ""1-7"": 440, ""3-7"": 1070}",{},{},1785939660.0,1785939360.0
076220260713,6-3-7,31.6,3,1783950464,https://www.winticket.jp/keirin/hiroshima/racecard/2026071362/1/7,3-6-7,6-3,3-6,6-3,3-6,3-6|3-7|6-7,"{""6-3-7"": 3160}","{""3-6-7"": 1690}","{""6-3"": 660}","{""3-6"": 620}","{""3-6"": 300, ""3-7"": 1380, ""6-7"": 690}",{},{},1783950000.0,1783949700.0
076220260715,4-5-7,343.8,3,1784123310,https://www.winticket.jp/keirin/hiroshima/racecard/2026071362/3/7,4-5-7,4-5,4-5,4-5,4-5,4-5|4-7|5-7,"{""4-5-7"": 34380}","{""4-5-7"": 4580}","{""4-5"": 3690}","{""4-5"": 2930}","{""4-5"": 400, ""4-7"": 300, ""5-7"": 1180}",{},{},1784122800.0,1784122500.0
076220260723,1-3-5,24.3,3,1784816514,https://www.winticket.jp/keirin/hiroshima/racecard/2026072262/2/7,1-3-5,1-3,1-3,1-3,1-3,1-3|1-5|3-5,"{""1-3-5"": 2430}","{""1-3-5"": 720}","{""1-3"": 660}","{""1-3"": 430}","{""1-3"": 170, ""1-5"": 210, ""3-5"": 310}",{},{},1784815920.0,1784815620.0
076220260724,3-1-6,51.5,3,1784902849,https://www.winticket.jp/keirin/hiroshima/racecard/2026072262/3/7,1-3-6,3-1,1-3,3-1,1-3,1-3|1-6|3-6,"{""3-1-6"": 5150}","{""1-3-6"": 2390}","{""3-1"": 480}","{""1-3"": 450}","{""1-3"": 200, ""1-6"": 1540, ""3-6"": 350}",{},{},1784902320.0,1784902020.0
076220260804,3-5-1,103.7,3,1785808285,https://www.winticket.jp/keirin/hiroshima/racecard/2026080362/2/7,1-3-5,3-5,3-5,3-5,3-5,1-3|1-5|3-5,"{""3-5-1"": 10370}","{""1-3-5"": 740}","{""3-5"": 4320}","{""3-5"": 1720}","{""1-3"": 320, ""1-5"": 150, ""3-5"": 330}",{},{},1785807600.0,1785807300.0
076220260805,4-7-1,181.0,3,1785894846,https://www.winticket.jp/keirin/hiroshima/racecard/2026080362/3/7,1-4-7,4-7,4-7,4-6,4-6,1-4|1-7|4-7,"{""4-7-1"": 18100}","{""1-4-7"": 230}","{""4-7"": 10300}","{""4-7"": 2820}","{""1-4"": 180, ""1-7"": 120, ""4-7"": 230}",{},{},1785894000.0,1785893700.0
076320260823,2-5-7,50.4,3,1787460341,https://www.winticket.jp/keirin/hofu/racecard/2026082363/1/7,2-5-7,2-5,2-5,2-5,2-5,2-5|2-7|5-7,"{""2-5-7"": 5040}","{""2-5-7"": 2290}","{""2-5"": 1610}","{""2-5"": 970}","{""2-5"": 470, ""2-7"": 390, ""5-7"": 580}",{},{},1787459520.0,1787459220.0
077520260712,3-7-4,60.4,3,1783849306,https://www.winticket.jp/keirin/matsuyama/racecard/2026071175/2/7,3-4-7,3-7,3-7,3-6,3-6,3-4|3-7|4-7,"{""3-7-4"": 6040}","{""3-4-7"": 1160}","{""3-7"": 2260}","{""3-7"": 1110}","{""3-4"": 310, ""3-7"": 280, ""4-7"": 400}",{},{},1783848600.0,1783848300.0
078120260724,1-5-6,51.4,3,1784885653,https://www.winticket.jp/keirin/kokura/racecard/2026072481/1/7,1-5-6,1-5,1-5,1-5,1-5,1-5|1-6|5-6,"{""1-5-6"": 5140}","{""1-5-6"": 1810}","{""1-5"": 1490}","{""1-5"": 1210}","{""1-5"": 340, ""1-6"": 190, ""5-6"": 740}",{},{},1784884380.0,1784884080.0
078420260725,2-1-3,3.8,3,1784987545,https://www.winticket.jp/keirin/takeo/racecard/2026072584/1/7,1-2-3,2-1,1-2,2-1,1-2,1-2|1-3|2-3,"{""2-1-3"": 380}","{""1-2-3"": 120}","{""2-1"": 280}","{""1-2"": 110}","{""1-2"": 100, ""1-3"": 150, ""2-3"": 120}",{},{},1784986800.0,1784986500.0
078420260731,1-7-5,27.0,3,1785509095,https://www.winticket.jp/keirin/takeo/racecard/2026073184/1/7,1-5-7,1-7,1-7,1-6,1-6,1-5|1-7|5-7,"{""1-7-5"": 2700}","{""1-5-7"": 1610}","{""1-7"": 800}","{""1-7"": 1150}","{""1-5"": 300, ""1-7"": 180, ""5-7"": 2050}",{},{},1785508200.0,1785507900.0
081120260714,5-2-4,731.8,3,1784022419,https://www.winticket.jp/keirin/hakodate/racecard/2026071411/1/8,2-4-5,5-2,2-5,5-2,2-5,2-4|2-5|4-5,"{""5-2-4"": 73180}","{""2-4-5"": 10150}","{""5-2"": 10250}","{""2-5"": 3850}","{""2-4"": 490, ""2-5"": 1470, ""4-5"": 480}",{},{},1784021760.0,1784021460.0
081320260710,3-2-1,19.0,3,1783693385,https://www.winticket.jp/keirin/iwakidaira/racecard/2026071013/1/8,1-2-3,3-2,2-3,3-2,2-3,1-2|1-3|2-3,"{""3-2-1"": 1900}","{""1-2-3"": 170}","{""3-2"": 1490}","{""2-3"": 890}","{""1-2"": 100, ""1-3"": 160, ""2-3"": 150}",{},{},1783692600.0,1783692300.0
081320260802,5-6-4,333.0,3,1785664736,https://www.winticket.jp/keirin/iwakidaira/racecard/2026073113/3/8,4-5-6,5-6,5-6,5-6,5-6,4-5|4-6|5-6,"{""5-6-4"": 33300}","{""4-5-6"": 4840}","{""5-6"": 7380}","{""5-6"": 6450}","{""4-5"": 820, ""4-6"": 560, ""5-6"": 1280}",{},{},1785663960.0,1785663660.0
082720260713,2-1-3,12.8,3,1783952344,https://www.winticket.jp/keirin/keiokaku/racecard/2026071327/1/8,1-2-3,2-1,1-2,2-1,1-2,1-2|1-3|2-3,"{""2-1-3"": 1280}","{""1-2-3"": 490}","{""2-1"": 280}","{""1-2"": 140}","{""1-2"": 100, ""1-3"": 290, ""2-3"": 310}",{},{},1783951800.0,1783951500.0
082720260715,5-1-2,337.8,3,1784125225,https://www.winticket.jp/keirin/keiokaku/racecard/2026071327/3/8,1-2-5,5-1,1-5,5-1,1-5,1-2|1-5|2-5,"{""5-1-2"": 33780}","{""1-2-5"": 7230}","{""5-1"": 6800}","{""1-5"": 5140}","{""1-2"": 870, ""1-5"": 950, ""2-5"": 1230}",{},{},1784124600.0,1784124300.0
082720260719,1-2-4,4.4,3,1784470892,https://www.winticket.jp/keirin/keiokaku/racecard/2026071927/1/8,1-2-4,1-2,1-2,1-2,1-2,1-2|1-4|2-4,"{""1-2-4"": 440}","{""1-2-4"": 180}","{""1-2"": 280}","{""1-2"": 140}","{""1-2"": 100, ""1-4"": 160, ""2-4"": 170}",{},{},1784470200.0,1784469900.0
082820260728,5-4-7,61.4,3,1785215436,https://www.winticket.jp/keirin/tachikawa/racecard/2026072728/2/8,4-5-7,5-4,4-5,5-4,4-5,4-5|4-7|5-7,"{""5-4-7"": 6140}","{""4-5-7"": 490}","{""5-4"": 2050}","{""4-5"": 1270}","{""4-5"": 190, ""4-7"": 170, ""5-7"": 250}",{},{},1785214860.0,1785214560.0
083520260729,2-7-6,5.5,3,1785319545,https://www.winticket.jp/keirin/hiratsuka/racecard/2026072835/2/8,2-6-7,2-7,2-7,2-6,2-6,2-6|2-7|6-7,"{""2-7-6"": 550}","{""2-6-7"": 270}","{""2-7"": 230}","{""2-7"": 140}","{""2-6"": 220, ""2-7"": 110, ""6-7"": 330}",{},{},1785318960.0,1785318660.0
083620260803,5-1-6,16.4,3,1785735008,https://www.winticket.jp/keirin/odawara/racecard/2026080136/3/8,1-5-6,5-1,1-5,4-1,1-4,1-5|1-6|5-6,"{""5-1-6"": 1640}","{""1-5-6"": 780}","{""5-1"": 490}","{""1-5"": 380}","{""1-5"": 220, ""1-6"": 770, ""5-6"": 490}","{""4-1"": 690}","{""1-4"": 420}",1785734280.0,1785733980.0
084220260710,2-1-7,42.1,3,1783692626,https://www.winticket.jp/keirin/nagoya/racecard/2026071042/1/8,1-2-7,2-1,1-2,2-1,1-2,1-2|1-7|2-7,"{""2-1-7"": 4210}","{""1-2-7"": 1780}","{""2-1"": 300}","{""1-2"": 120}","{""1-2"": 100, ""1-7"": 1790, ""2-7"": 1700}",{},{},1783692000.0,1783691700.0
084520260806,6-5-3,267.4,3,1785994046,https://www.winticket.jp/keirin/toyohashi/racecard/2026080545/2/8,3-5-6,6-5,5-6,6-5,5-6,3-5|3-6|5-6,"{""6-5-3"": 26740}","{""3-5-6"": 7790}","{""6-5"": 7300}","{""5-6"": 3850}","{""3-5"": 2280, ""3-6"": 310, ""5-6"": 1540}",{},{},1785993360.0,1785993060.0
087520260725,5-1-3,367.4,3,1784989450,https://www.winticket.jp/keirin/matsuyama/racecard/2026072575/1/8,1-3-5,5-1,1-5,5-1,1-5,1-3|1-5|3-5,"{""5-1-3"": 36740, ""5-3-1"": 42590}","{""1-3-5"": 2820}","{""5-1"": 8900, ""5-3"": 18560}","{""1-5"": 1020, ""3-5"": 4070}","{""1-3"": 310, ""1-5"": 660, ""3-5"": 1520}",{},{},1784988600.0,1784988300.0
087520260815,1-3-7,78.4,3,1786788741,https://www.winticket.jp/keirin/matsuyama/racecard/2026081175/5/8,1-3-7,1-3,1-3,1-3,1-3,1-3|1-7|3-7,"{""1-3-7"": 7840}","{""1-3-7"": 1410}","{""1-3"": 2600}","{""1-3"": 1590}","{""1-3"": 570, ""1-7"": 440, ""3-7"": 310}","{""1-3"": 2530}","{""1-3"": 1720}",1786787160.0,1786786860.0
088420260726,1-2-4,3.6,3,1785075219,https://www.winticket.jp/keirin/takeo/racecard/2026072584/2/8,1-2-4,1-2,1-2,1-2,1-2,1-2|1-4|2-4,"{""1-2-4"": 360}","{""1-2-4"": 150}","{""1-2"": 210}","{""1-2"": 110}","{""1-2"": 100, ""1-4"": 150, ""2-4"": 160}",{},{},1785074400.0,1785074100.0
088520260714,3-1-4,13.5,3,1784023479,https://www.winticket.jp/keirin/sasebo/racecard/2026071385/2/8,1-3-4,3-1,1-3,3-1,1-3,1-3|1-4|3-4,"{""3-1-4"": 1350}","{""1-3-4"": 290}","{""3-1"": 800}","{""1-3"": 400}","{""1-3"": 140, ""1-4"": 270, ""3-4"": 130}",{},{},1784022480.0,1784022180.0
088520260731,1-7-2,672.4,3,1785474523,https://www.winticket.jp/keirin/sasebo/racecard/2026073185/1/8,1-2-7,1-7,1-7,1-6,1-6,1-2|1-7|2-7,"{""1-7-2"": 67240}","{""1-2-7"": 3230}","{""1-7"": 16740}","{""1-7"": 8220}","{""1-2"": 1240, ""1-7"": 1610, ""2-7"": 320}",{},{},1785473580.0,1785473280.0
091320260710,2-1-6,40.0,3,1783694676,https://www.winticket.jp/keirin/iwakidaira/racecard/2026071013/1/9,1-2-6,2-1,1-2,2-1,1-2,1-2|1-6|2-6,"{""2-1-6"": 4000}","{""1-2-6"": 340}","{""2-1"": 1260}","{""1-2"": 320}","{""1-2"": 180, ""1-6"": 170, ""2-6"": 360}",{},{},1783693800.0,1783693500.0
091320260712,2-7-3,181.7,3,1783867563,https://www.winticket.jp/keirin/iwakidaira/racecard/2026071013/3/9,2-3-7,2-7,2-7,2-6,2-6,2-3|2-7|3-7,"{""2-7-3"": 18170}","{""2-3-7"": 1080}","{""2-7"": 4930}","{""2-7"": 2610}","{""2-3"": 260, ""2-7"": 420, ""3-7"": 230}",{},{},1783866600.0,1783866300.0
091320260718,5-2-4,3.7,3,1784385457,https://www.winticket.jp/keirin/iwakidaira/racecard/2026071613/3/9,2-4-5,5-2,2-5,5-2,2-5,2-4|2-5|4-5,"{""5-2-4"": 370}","{""2-4-5"": 280}","{""5-2"": 180}","{""2-5"": 150}","{""2-4"": 200, ""2-5"": 100, ""4-5"": 220}",{},{},1784384400.0,1784384100.0
092220260817,2-1-5,62.4,3,1786976946,https://www.winticket.jp/keirin/maebashi/racecard/2026081522/3/9,1-2-5,2-1,1-2,2-1,1-2,1-2|1-5|2-5,"{""2-1-5"": 6240}","{""1-2-5"": 490}","{""2-1"": 2440}","{""1-2"": 840}","{""1-2"": 210, ""1-5"": 170, ""2-5"": 380}",{},{},1786976400.0,1786976100.0
092620260729,1-2-3,6.3,3,1785335345,https://www.winticket.jp/keirin/seibuen/racecard/2026072826/2/9,1-2-3,1-2,1-2,1-2,1-2,1-2|1-3|2-3,"{""1-2-3"": 630}","{""1-2-3"": 300}","{""1-2"": 210}","{""1-2"": 160}","{""1-2"": 110, ""1-3"": 180, ""2-3"": 260}",{},{},1785334800.0,1785334500.0
092720260714,3-4-1,293.4,3,1784040001,https://www.winticket.jp/keirin/keiokaku/racecard/2026071327/2/9,1-3-4,3-4,3-4,3-4,3-4,1-3|1-4|3-4,"{""3-4-1"": 29340}","{""1-3-4"": 600}","{""3-4"": 10190}","{""3-4"": 8590}","{""1-3"": 150, ""1-4"": 240, ""3-4"": 640}",{},{},1784039400.0,1784039100.0
092820260728,5-4-2,4.1,3,1785217422,https://www.winticket.jp/keirin/tachikawa/racecard/2026072728/2/9,2-4-5,5-4,4-5,5-4,4-5,2-4|2-5|4-5,"{""5-4-2"": 410}","{""2-4-5"": 260}","{""5-4"": 290}","{""4-5"": 200}","{""2-4"": 230, ""2-5"": 210, ""4-5"": 130}",{},{},1785216660.0,1785216360.0
092820260729,1-5-4,4.0,3,1785304184,https://www.winticket.jp/keirin/tachikawa/racecard/2026072728/3/9,1-4-5,1-5,1-5,1-5,1-5,1-4|1-5|4-5,"{""1-5-4"": 400}","{""1-4-5"": 100}","{""1-5"": 440}","{""1-5"": 340}","{""1-4"": 100, ""1-5"": 100, ""4-5"": 100}",{},{},1785303540.0,1785303240.0
093620260802,7-9-3,236.1,3,1785650245,https://www.winticket.jp/keirin/odawara/racecard/2026080136/2/9,3-7-9,7-9,7-9,5-6,5-6,3-7|3-9|7-9,"{""7-9-3"": 23610}","{""3-7-9"": 2350}","{""7-9"": 10930}","{""7-9"": 4470}","{""3-7"": 280, ""3-9"": 430, ""7-9"": 600}","{""5-6"": 3670}","{""5-6"": 1660}",1785649560.0,1785649260.0
094220260712,3-6-1,65.9,3,1783866703,https://www.winticket.jp/keirin/nagoya/racecard/2026071042/3/9,1-3-6,3-6,3-6,3-6,3-6,1-3|1-6|3-6,"{""3-6-1"": 6590}","{""1-3-6"": 1810}","{""3-6"": 1710}","{""3-6"": 900}","{""1-3"": 240, ""1-6"": 370, ""3-6"": 290}",{},{},1783866000.0,1783865700.0
095320260718,4-3-2,14.7,3,1784385687,https://www.winticket.jp/keirin/nara/racecard/2026071653/3/9,2-3-4,4-3,3-4,4-3,3-4,2-3|2-4|3-4,"{""4-3-2"": 1470}","{""2-3-4"": 630}","{""4-3"": 660}","{""3-4"": 480}","{""2-3"": 600, ""2-4"": 210, ""3-4"": 220}",{},{},1784385000.0,1784384700.0
096220260715,3-2-6,7.1,3,1784125655,https://www.winticket.jp/keirin/hiroshima/racecard/2026071362/3/9,2-3-6,3-2,2-3,3-2,2-3,2-3|2-6|3-6,"{""3-2-6"": 710}","{""2-3-6"": 290}","{""3-2"": 370}","{""2-3"": 240}","{""2-3"": 120, ""2-6"": 230, ""3-6"": 190}",{},{},1784125200.0,1784124900.0
097320260805,7-3-6,58.2,3,1785909440,https://www.winticket.jp/keirin/komatsushima/racecard/2026080473/2/9,3-6-7,7-3,3-7,6-3,3-6,3-6|3-7|6-7,"{""7-3-6"": 5820}","{""3-6-7"": 1000}","{""7-3"": 950}","{""3-7"": 330}","{""3-6"": 240, ""3-7"": 150, ""6-7"": 610}",{},{},1785908220.0,1785907920.0
097520260712,1-7-5,6.7,3,1783852346,https://www.winticket.jp/keirin/matsuyama/racecard/2026071175/2/9,1-5-7,1-7,1-7,1-6,1-6,1-5|1-7|5-7,"{""1-7-5"": 670}","{""1-5-7"": 290}","{""1-7"": 310}","{""1-7"": 140}","{""1-5"": 290, ""1-7"": 140, ""5-7"": 270}",{},{},1783851720.0,1783851420.0
097520260726,3-1-2,13.3,3,1785076909,https://www.winticket.jp/keirin/matsuyama/racecard/2026072575/2/9,1-2-3,3-1,1-3,3-1,1-3,1-2|1-3|2-3,"{""3-1-2"": 1330}","{""1-2-3"": 260}","{""3-1"": 620}","{""1-3"": 250}","{""1-2"": 190, ""1-3"": 150, ""2-3"": 200}",{},{},1785076200.0,1785075900.0
097520260727,4-7-2,33.9,3,1785163241,https://www.winticket.jp/keirin/matsuyama/racecard/2026072575/3/9,2-4-7,4-7,4-7,4-6,4-6,2-4|2-7|4-7,"{""4-7-2"": 3390}","{""2-4-7"": 1470}","{""4-7"": 740}","{""4-7"": 940}","{""2-4"": 240, ""2-7"": 770, ""4-7"": 260}",{},{},1785162600.0,1785162300.0
098420260725,1-3-5,30.0,3,1784990305,https://www.winticket.jp/keirin/takeo/racecard/2026072584/1/9,1-3-5,1-3,1-3,1-3,1-3,1-3|1-5|3-5,"{""1-3-5"": 3000}","{""1-3-5"": 740}","{""1-3"": 360}","{""1-3"": 280}","{""1-3"": 110, ""1-5"": 310, ""3-5"": 640}",{},{},1784989200.0,1784988900.0
098420260726,1-4-5,5.0,3,1785076369,https://www.winticket.jp/keirin/takeo/racecard/2026072584/2/9,1-4-5,1-4,1-4,1-4,1-4,1-4|1-5|4-5,"{""1-4-5"": 500}","{""1-4-5"": 420}","{""1-4"": 190}","{""1-4"": 160}","{""1-4"": 130, ""1-5"": 300, ""4-5"": 430}",{},{},1785075600.0,1785075300.0
098520260714,3-6-4,24.8,3,1784024839,https://www.winticket.jp/keirin/sasebo/racecard/2026071385/2/9,3-4-6,3-6,3-6,3-6,3-6,3-4|3-6|4-6,"{""3-6-4"": 2480}","{""3-4-6"": 900}","{""3-6"": 810}","{""3-6"": 450}","{""3-4"": 510, ""3-6"": 220, ""4-6"": 660}",{},{},1784023920.0,1784023620.0
098520260801,5-1-4,160.3,3,1785562665,https://www.winticket.jp/keirin/sasebo/racecard/2026073185/2/9,1-4-5,5-1,1-5,5-1,1-5,1-4|1-5|4-5,"{""5-1-4"": 16030}","{""1-4-5"": 1800}","{""5-1"": 4110}","{""1-5"": 3880}","{""1-4"": 340, ""1-5"": 460, ""4-5"": 380}",{},{},1785561780.0,1785561480.0
101320260802,2-5-4,19.0,3,1785667950,https://www.winticket.jp/keirin/iwakidaira/racecard/2026073113/3/10,2-4-5,2-5,2-5,2-5,2-5,2-4|2-5|4-5,"{""2-5-4"": 1900}","{""2-4-5"": 820}","{""2-5"": 910}","{""2-5"": 670}","{""2-4"": 280, ""2-5"": 280, ""4-5"": 410}",{},{},1785667080.0,1785666780.0
104320260731,7-4-2,9.0,3,1785479003,https://www.winticket.jp/keirin/gifu/racecard/2026073043/2/10,2-4-7,7-4,4-7,6-4,4-6,2-4|2-7|4-7,"{""7-4-2"": 900}","{""2-4-7"": 310}","{""7-4"": 370}","{""4-7"": 230}","{""2-4"": 130, ""2-7"": 220, ""4-7"": 150}",{},{},1785478380.0,1785478080.0
104820260819,2-5-1,3.3,3,1787136623,https://www.winticket.jp/keirin/yokkaichi/racecard/2026081748/3/10,1-2-5,2-5,2-5,2-5,2-5,1-2|1-5|2-5,"{""2-5-1"": 330}","{""1-2-5"": 180}","{""2-5"": 180}","{""2-5"": 140}","{""1-2"": 120, ""1-5"": 150, ""2-5"": 100}",{},{},1787135880.0,1787135580.0
107320260805,2-5-1,8.5,3,1785910865,https://www.winticket.jp/keirin/komatsushima/racecard/2026080473/2/10,1-2-5,2-5,2-5,2-5,2-5,1-2|1-5|2-5,"{""2-5-1"": 850}","{""1-2-5"": 330}","{""2-5"": 460}","{""2-5"": 430}","{""1-2"": 150, ""1-5"": 330, ""2-5"": 200}",{},{},1785910020.0,1785909720.0
112120260730,2-5-7,2.3,3,1785409964,https://www.winticket.jp/keirin/yahiko/racecard/2026073021/1/11,2-5-7,2-5,2-5,2-5,2-5,2-5|2-7|5-7,"{""2-5-7"": 230}","{""2-5-7"": 160}","{""2-5"": 150}","{""2-5"": 140}","{""2-5"": 100, ""2-7"": 150, ""5-7"": 130}",{},{},1785409320.0,1785409020.0
114320260826,4-6-5,2.5,3,1787727137,https://www.winticket.jp/keirin/gifu/racecard/2026082443/3/11,4-5-6,4-6,4-6,4-6,4-6,4-5|4-6|5-6,"{""4-6-5"": 250, ""6-4-5"": 430}","{""4-5-6"": 260}","{""4-6"": 100, ""6-4"": 120}","{""4-6"": 100}","{""4-5"": 250, ""4-6"": 100, ""5-6"": 280}",{},{},1787726220.0,1787725920.0
114720260718,2-1-6,90.3,3,1784357860,https://www.winticket.jp/keirin/matsusaka/racecard/2026071647/3/11,1-2-6,2-1,1-2,2-1,1-2,1-2|1-6|2-6,"{""2-1-6"": 9030}","{""1-2-6"": 2330}","{""2-1"": 1770}","{""1-2"": 1160}","{""1-2"": 530, ""1-6"": 850, ""2-6"": 500}",{},{},1784357100.0,1784356800.0
117320260804,4-3-1,29.7,3,1785825665,https://www.winticket.jp/keirin/komatsushima/racecard/2026080473/1/11,1-3-4,4-3,3-4,4-3,3-4,1-3|1-4|3-4,"{""4-3-1"": 2970}","{""1-3-4"": 230}","{""4-3"": 2920}","{""3-4"": 1960}","{""1-3"": 240, ""1-4"": 100, ""3-4"": 200}",{},{},1785824880.0,1785824580.0
118120260724,5-1-3,23.2,3,1784892433,https://www.winticket.jp/keirin/kokura/racecard/2026072481/1/11,1-3-5,5-1,1-5,5-1,1-5,1-3|1-5|3-5,"{""5-1-3"": 2320}","{""1-3-5"": 1150}","{""5-1"": 270}","{""1-5"": 200}","{""1-3"": 660, ""1-5"": 160, ""3-5"": 260}",{},{},1784891580.0,1784891280.0
118520260731,4-3-1,77.3,3,1785479904,https://www.winticket.jp/keirin/sasebo/racecard/2026073185/1/11,1-3-4,4-3,3-4,4-3,3-4,1-3|1-4|3-4,"{""4-3-1"": 7730}","{""1-3-4"": 270}","{""4-3"": 4470}","{""3-4"": 1430}","{""1-3"": 150, ""1-4"": 110, ""3-4"": 140}",{},{},1785479100.0,1785478800.0
124220260804,3-5-1,24.3,3,1785843336,https://www.winticket.jp/keirin/nagoya/racecard/2026080442/1/12,1-3-5,3-5,3-5,3-5,3-5,1-3|1-5|3-5,"{""3-5-1"": 2430}","{""1-3-5"": 1250}","{""3-5"": 700}","{""3-5"": 570}","{""1-3"": 490, ""1-5"": 800, ""3-5"": 330}",{},{},1785842220.0,1785841920.0
