date,train_rows,train_races,test_rows,test_races,top1_bets,top1_hits,top1_hit_rate,auc_binary,race_logloss
2024-08-29,3014,434,81,11,11,4,0.36363636363636365,0.7558441558441559,1.7977187591188197
2024-08-30,3095,445,121,17,17,8,0.47058823529411764,0.8150452488687784,1.4378325162483332
2024-08-31,3216,462,126,18,18,8,0.4444444444444444,0.7808641975308641,1.693435553755474
2024-09-01,3342,480,150,22,22,6,0.2727272727272727,0.7318892045454546,1.7498094525088306
2024-09-02,3492,502,115,17,17,7,0.4117647058823529,0.7076830732292917,1.8859334849667984
2024-09-03,3607,519,99,15,15,5,0.3333333333333333,0.7134920634920635,1.8878215973146004
2024-09-04,3706,534,61,9,9,2,0.2222222222222222,0.7777777777777778,1.4937702825283803
2024-09-05,3767,543,59,8,8,4,0.5,0.7794117647058824,1.5300073584215927
2024-09-06,3826,551,116,16,16,8,0.5,0.828125,1.4044088263172383
2024-09-07,3942,567,100,14,14,4,0.2857142857142857,0.7591362126245847,1.7138705563339687
2024-09-08,4042,581,121,17,17,3,0.17647058823529413,0.7726244343891403,1.5656386681494172
2024-09-09,4163,598,84,12,12,3,0.25,0.7870370370370371,1.6597517419915697
2024-09-10,4247,610,131,19,19,8,0.42105263157894735,0.7208646616541353,1.8783999091164985
2024-09-11,4378,629,96,14,14,3,0.21428571428571427,0.7770034843205575,1.5669636744126514
2024-09-12,4474,643,110,16,16,5,0.3125,0.7373670212765957,1.8052157400190243
2024-09-13,4584,659,80,11,11,8,0.7272727272727273,0.8260869565217391,1.412336463138056
2024-09-14,4664,670,119,17,17,9,0.5294117647058824,0.8587081891580162,1.2306415399090236
2024-09-15,4783,687,93,13,13,4,0.3076923076923077,0.7634615384615384,1.6443009433678002
2024-09-16,4876,700,93,13,13,5,0.38461538461538464,0.7836538461538461,1.617140681258388
2024-09-17,4969,713,101,15,15,6,0.4,0.7627906976744186,1.6239273808947299
2024-09-18,5070,728,121,18,18,5,0.2777777777777778,0.7750809061488673,1.5434742413611378
2024-09-19,5191,746,116,17,17,10,0.5882352941176471,0.8924539512774807,1.0884064521214953
2024-09-20,5307,763,76,11,11,2,0.18181818181818182,0.7244755244755245,1.7076995638352104
2024-09-21,5383,774,115,16,16,4,0.25,0.7550505050505051,1.72833719672041
2024-09-22,5498,790,113,16,16,7,0.4375,0.7384020618556701,1.707630893091526
2024-09-23,5611,806,84,12,12,6,0.5,0.8136574074074074,1.3812027941831724
2024-09-24,5695,818,103,15,15,7,0.4666666666666667,0.8295454545454546,1.3637746688280077
2024-09-25,5798,833,62,9,9,2,0.2222222222222222,0.7002096436058701,1.9493297080858767
2024-09-26,5860,842,116,16,16,7,0.4375,0.796875,1.5848512520716844
2024-09-27,5976,858,96,13,13,2,0.15384615384615385,0.6654309545875812,2.089295225997908
2024-09-28,6072,871,79,11,11,6,0.5454545454545454,0.8328877005347594,1.3118423415604525
2024-09-29,6151,882,114,16,16,7,0.4375,0.8679846938775511,1.2473421650653913
2024-09-30,6265,898,124,18,18,12,0.6666666666666666,0.8647798742138364,1.2107929443202425
2024-10-01,6389,916,148,22,22,13,0.5909090909090909,0.8676046176046176,1.191846662598859
2024-10-02,6537,938,93,14,14,5,0.35714285714285715,0.7296564195298373,1.6320735870120264
2024-10-03,6630,952,123,17,17,9,0.5294117647058824,0.8485016648168702,1.323910062904722
2024-10-04,6753,969,77,11,11,4,0.36363636363636365,0.7892561983471075,1.5554681977415752
2024-10-05,6830,980,100,14,14,5,0.35714285714285715,0.760797342192691,1.6419183938827182
2024-10-06,6930,994,82,11,11,3,0.2727272727272727,0.7618437900128041,1.7103119159214386
2024-10-07,7012,1005,70,10,10,5,0.5,0.895,1.1597747882402314
2024-10-08,7082,1015,125,18,18,8,0.4444444444444444,0.7559709241952233,1.6054340960194657
2024-10-09,7207,1033,109,16,16,7,0.4375,0.7748655913978495,1.5670989007754321
2024-10-10,7316,1049,69,10,10,4,0.4,0.8423728813559322,1.298720021395636
2024-10-11,7385,1059,83,11,11,3,0.2727272727272727,0.6830808080808082,2.0126946240868078
2024-10-12,7468,1070,101,13,13,8,0.6153846153846154,0.8076923076923077,1.5726759853038101
2024-10-13,7569,1083,109,15,15,5,0.3333333333333333,0.778723404255319,1.616803314544126
2024-10-14,7678,1098,106,14,14,1,0.07142857142857142,0.5559006211180124,2.375347967977718
2024-10-15,7784,1112,94,14,14,8,0.5714285714285714,0.7901785714285715,1.4467345233531934
2024-10-16,7878,1126,95,14,14,4,0.2857142857142857,0.6843033509700177,1.9143607163654763
2024-10-17,7973,1140,70,10,10,4,0.4,0.9133333333333334,1.0418989673749794
2024-10-18,8043,1150,104,15,15,7,0.4666666666666667,0.8149812734082398,1.4510302920840659
2024-10-19,8147,1165,101,15,15,7,0.4666666666666667,0.8372093023255813,1.2855666512830386
2024-10-20,8248,1180,101,15,15,6,0.4,0.8224806201550388,1.378779475441359
2024-10-21,8349,1195,76,11,11,7,0.6363636363636364,0.8055944055944055,1.478522336435889
2024-10-22,8425,1206,77,11,11,5,0.45454545454545453,0.847107438016529,1.2986816820853793
2024-10-23,8502,1217,98,14,14,6,0.42857142857142855,0.8010204081632654,1.4387989376303605
2024-10-24,8600,1231,65,10,10,5,0.5,0.850909090909091,1.2773628372466272
2024-10-25,8665,1241,103,15,15,7,0.4666666666666667,0.7825757575757576,1.5457145140362707
2024-10-26,8768,1256,130,18,18,6,0.3333333333333333,0.759920634920635,1.678989062879761
2024-10-27,8898,1274,119,17,17,6,0.35294117647058826,0.7670126874279123,1.5439313007460105
2024-10-28,9017,1291,107,15,15,7,0.4666666666666667,0.8391304347826087,1.3497837466196183
2024-10-29,9124,1306,121,18,18,8,0.4444444444444444,0.7615965480043151,1.6024543904797033
2024-10-30,9245,1324,104,15,15,5,0.3333333333333333,0.7632958801498128,1.6239016954142969
2024-10-31,9349,1339,70,10,10,3,0.3,0.6266666666666667,2.1249114279603676
2024-11-01,9419,1349,120,17,17,8,0.47058823529411764,0.7995431182181612,1.5286300427378308
2024-11-02,9539,1366,101,14,14,10,0.7142857142857143,0.8587848932676518,1.3992914739226519
2024-11-03,9640,1380,81,11,11,4,0.36363636363636365,0.8883116883116883,1.2376256052845112
2024-11-04,9721,1391,88,12,12,5,0.4166666666666667,0.7401315789473684,1.826169916825771
2024-11-05,9809,1403,101,15,15,7,0.4666666666666667,0.7573643410852712,1.60353497193815
2024-11-06,9910,1418,116,17,17,10,0.5882352941176471,0.8211527035056447,1.3872447212985808
2024-11-07,10026,1435,68,10,10,6,0.6,0.8310344827586207,1.3825891494877045
2024-11-08,10094,1445,97,14,14,5,0.35714285714285715,0.806368330464716,1.4818586853948545
2024-11-09,10191,1459,117,17,17,9,0.5294117647058824,0.8470588235294118,1.3164606416211129
2024-11-10,10308,1476,90,13,13,5,0.38461538461538464,0.7982017982017982,1.4558521958136235
2024-11-11,10398,1489,68,10,10,7,0.7,0.956896551724138,0.8987240838573776
2024-11-12,10466,1499,97,14,14,7,0.5,0.7969018932874355,1.5038381357293957
2024-11-13,10563,1513,124,18,18,6,0.3333333333333333,0.7945492662473794,1.4857611083946287
2024-11-14,10687,1531,107,15,15,5,0.3333333333333333,0.736231884057971,1.6705157942404714
2024-11-15,10794,1546,94,13,13,3,0.23076923076923078,0.8205128205128205,1.4606839866504857
2024-11-16,10888,1559,117,17,17,8,0.47058823529411764,0.8147058823529412,1.4368053722615655
2024-11-17,11005,1576,90,13,13,9,0.6923076923076923,0.8261738261738262,1.350684167289556
2024-11-18,11095,1589,84,12,12,8,0.6666666666666666,0.90625,1.086064953083784
2024-11-19,11179,1601,110,16,16,8,0.5,0.7546542553191489,1.5901393955478447
2024-11-20,11289,1617,104,15,15,5,0.3333333333333333,0.6943820224719102,1.8068110214150885
2024-11-21,11393,1632,87,12,12,2,0.16666666666666666,0.7233333333333334,1.7445418831010835
2024-11-22,11480,1644,92,13,13,7,0.5384615384615384,0.8938656280428432,1.2213925916725312
2024-11-23,11572,1657,93,13,13,9,0.6923076923076923,0.8788461538461539,1.2799024432911899
2024-11-24,11665,1670,108,15,15,1,0.06666666666666667,0.5634408602150538,2.128235072485637
2024-11-25,11773,1685,76,11,11,4,0.36363636363636365,0.7860139860139861,1.4384705144428063
2024-11-26,11849,1696,89,13,13,6,0.46153846153846156,0.8886639676113361,1.1974762210486911
2024-11-27,11938,1709,121,18,18,8,0.4444444444444444,0.7567421790722761,1.567568813825588
2024-11-28,12059,1727,76,11,11,7,0.6363636363636364,0.8293706293706294,1.3418371151331525
2024-11-29,12135,1738,90,13,13,6,0.46153846153846156,0.7255639097744362,1.7254166282900922
2024-11-30,12225,1751,102,14,14,7,0.5,0.862012987012987,1.309457590506317
2024-12-01,12327,1765,144,20,20,8,0.4,0.8168795973674021,1.4895894409084791
2024-12-02,12471,1785,98,14,14,6,0.42857142857142855,0.7887550200803213,1.521125476449939
2024-12-03,12569,1799,100,14,14,7,0.5,0.9102990033222591,1.1482168728426367
2024-12-04,12669,1813,91,13,13,5,0.38461538461538464,0.7781065088757397,1.5714601116130362
2024-12-05,12760,1826,80,11,11,6,0.5454545454545454,0.8827404479578393,1.2432465353139135
2024-12-06,12840,1837,106,15,15,10,0.6666666666666666,0.9318681318681318,0.995310381190905
2024-12-07,12946,1852,88,12,12,5,0.4166666666666667,0.8837719298245614,1.2020612621871916
2024-12-08,13034,1864,71,10,10,2,0.2,0.6508196721311476,1.8962566783482564
2024-12-09,13105,1874,84,12,12,8,0.6666666666666666,0.90625,1.0965990927066362
2024-12-10,13189,1886,69,10,10,3,0.3,0.735593220338983,1.7075968235012855
2024-12-11,13258,1896,74,11,11,7,0.6363636363636364,0.9105339105339105,1.1216517303627762
2024-12-12,13332,1907,102,14,14,9,0.6428571428571429,0.9001623376623378,1.1209013853149243
2024-12-13,13434,1921,102,14,14,7,0.5,0.8498376623376623,1.370316990311861
2024-12-14,13536,1935,113,16,16,7,0.4375,0.8054123711340205,1.524195439956293
2024-12-15,13649,1951,80,11,11,4,0.36363636363636365,0.8221343873517786,1.4718183087567758
2024-12-16,13729,1962,70,10,10,4,0.4,0.7883333333333333,1.5576136149148243
2024-12-17,13799,1972,90,13,13,4,0.3076923076923077,0.7182817182817183,1.6747656407266178
2024-12-18,13889,1985,89,13,13,8,0.6153846153846154,0.9281376518218624,1.0806440554228844
2024-12-19,13978,1998,97,14,14,5,0.35714285714285715,0.7547332185886403,1.6029785337102846
2024-12-20,14075,2012,119,17,17,12,0.7058823529411765,0.88008800880088,1.252390781449763
2024-12-21,14194,2029,109,16,16,10,0.625,0.9112903225806451,1.1220383227878261
2024-12-22,14303,2045,80,11,11,6,0.5454545454545454,0.7747035573122529,1.5717661047639182
2024-12-23,14383,2056,91,13,13,6,0.46153846153846156,0.8431952662721893,1.361885898856959
2024-12-24,14474,2069,103,15,15,6,0.4,0.7068181818181818,1.7821625228220708
2024-12-25,14577,2084,86,13,13,6,0.46153846153846156,0.8124341412012644,1.422168617188778
2024-12-26,14663,2097,75,11,11,5,0.45454545454545453,0.7869318181818181,1.5282520917741793
2024-12-27,14738,2108,113,17,17,6,0.35294117647058826,0.6495098039215687,1.8661943595196266
2024-12-28,14851,2125,130,18,18,8,0.4444444444444444,0.8824404761904763,1.252290415925668
2024-12-29,14981,2143,126,18,18,8,0.4444444444444444,0.7710905349794238,1.5259272401976502
2024-12-30,15107,2161,97,15,15,6,0.4,0.8032520325203252,1.4116554779975883
2024-12-31,15204,2176,98,16,16,8,0.5,0.8780487804878049,1.1674925567784866
2025-01-01,15302,2192,137,21,21,10,0.47619047619047616,0.794950738916256,1.4339367336716673
2025-01-02,15439,2213,141,22,22,11,0.5,0.8388082505729564,1.2792112296507918
2025-01-03,15580,2235,126,19,19,7,0.3684210526315789,0.7515986227250369,1.577688795157475
2025-01-04,15706,2254,125,18,18,10,0.5555555555555556,0.9397715472481827,0.9583703458396169
2025-01-05,15831,2272,135,20,20,6,0.3,0.8234782608695652,1.387930972932115
2025-01-06,15966,2292,96,14,14,4,0.2857142857142857,0.7865853658536586,1.4690286461838042
2025-01-07,16062,2306,109,15,15,6,0.4,0.7936170212765957,1.5293503395397907
2025-01-08,16171,2321,107,16,16,5,0.3125,0.6449175824175823,1.9369983602189293
2025-01-09,16278,2337,127,19,19,8,0.42105263157894735,0.75682261208577,1.6072671918275285
2025-01-10,16405,2356,60,9,9,5,0.5555555555555556,0.8278867102396514,1.3369616013864087
2025-01-11,16465,2365,54,8,8,2,0.25,0.7527173913043479,1.6376363269916638
2025-01-12,16519,2373,77,11,11,6,0.5454545454545454,0.8953168044077136,1.1727336640655885
2025-01-13,16596,2384,96,14,14,8,0.5714285714285714,0.8231707317073171,1.373820382941614
2025-01-14,16692,2398,103,15,15,8,0.5333333333333333,0.8204545454545454,1.4117984311612268
2025-01-15,16795,2413,89,13,13,7,0.5384615384615384,0.8704453441295547,1.1788556549180103
2025-01-16,16884,2426,100,14,14,8,0.5714285714285714,0.9318936877076411,1.0391664476988813
2025-01-17,16984,2440,96,13,13,5,0.38461538461538464,0.7395736793327156,1.747367159359979
2025-01-18,17080,2453,96,14,14,5,0.35714285714285715,0.7325783972125435,1.6352475932710433
2025-01-19,17176,2467,95,13,13,5,0.38461538461538464,0.8048780487804879,1.5371018579753581
2025-01-20,17271,2480,96,14,14,8,0.5714285714285714,0.8790123456790124,1.182101257599581
2025-01-21,17367,2494,76,11,11,6,0.5454545454545454,0.9020979020979021,1.158366083829468
2025-01-22,17443,2505,78,12,12,6,0.5,0.7929292929292929,1.410865735436481
2025-01-23,17521,2517,79,11,11,5,0.45454545454545453,0.822192513368984,1.4169644415169025
2025-01-24,17600,2528,129,18,18,8,0.4444444444444444,0.8773773773773773,1.259441630877413
2025-01-25,17729,2546,118,17,17,6,0.35294117647058826,0.7419918462434478,1.712438808397721
2025-01-26,17847,2563,129,18,18,6,0.3333333333333333,0.8148148148148148,1.4777549317430316
2025-01-27,17976,2581,111,16,16,7,0.4375,0.8348684210526316,1.3621976539504983
2025-01-28,18087,2597,105,15,15,6,0.4,0.7659259259259259,1.5381063964671855
2025-01-29,18192,2612,76,11,11,5,0.45454545454545453,0.8041958041958042,1.4173933425216907
2025-01-30,18268,2623,67,9,9,2,0.2222222222222222,0.8199233716475095,1.4126136204258248
2025-01-31,18335,2632,109,15,15,6,0.4,0.8,1.5181556094106208
2025-02-01,18444,2647,143,20,20,11,0.55,0.8182926829268292,1.4273400269602243
2025-02-02,18587,2667,150,21,21,9,0.42857142857142855,0.7999261720191952,1.5159674876774833
2025-02-03,18737,2688,102,15,15,8,0.5333333333333333,0.8421455938697318,1.2821370642176302
2025-02-04,18839,2703,48,7,7,5,0.7142857142857143,0.9233449477351917,0.8934022383274437
2025-02-05,18887,2710,130,19,19,8,0.42105263157894735,0.7747747747747747,1.5634140300060206
2025-02-06,19017,2729,96,14,14,4,0.2857142857142857,0.7386759581881533,1.6587807139641033
2025-02-07,19113,2743,111,16,16,5,0.3125,0.8249999999999998,1.4420048434982513
2025-02-08,19224,2759,95,13,13,7,0.5384615384615384,0.8095684803001876,1.4775980050607331
2025-02-09,19319,2772,94,13,13,7,0.5384615384615384,0.9071428571428571,1.1238014574368336
2025-02-10,19413,2785,142,20,20,13,0.65,0.8754098360655739,1.242119902306929
2025-02-11,19555,2805,107,15,15,11,0.7333333333333333,0.946376811594203,0.988113666397129
2025-02-12,19662,2820,112,16,16,5,0.3125,0.7721354166666667,1.5711127027057568
2025-02-13,19774,2836,116,16,16,5,0.3125,0.685,1.9031402255474639
2025-02-14,19890,2852,107,15,15,9,0.6,0.8195652173913044,1.4445365777828765
2025-02-15,19997,2867,92,13,13,5,0.38461538461538464,0.8821811100292113,1.2015377852168387
2025-02-16,20089,2880,98,14,14,6,0.42857142857142855,0.8171768707482994,1.4188832429947091
2025-02-17,20187,2894,90,13,13,5,0.38461538461538464,0.7782217782217782,1.5383758584356757
2025-02-18,20277,2907,116,17,17,9,0.5294117647058824,0.7926322043969102,1.4513407797025242
2025-02-19,20393,2924,125,18,18,8,0.4444444444444444,0.7954309449636552,1.502220296880024
2025-02-20,20518,2942,96,14,14,6,0.42857142857142855,0.882404181184669,1.1725302104951625
2025-02-21,20614,2956,94,13,13,4,0.3076923076923077,0.8205128205128205,1.5323991979675948
2025-02-22,20708,2969,101,14,14,4,0.2857142857142857,0.7380952380952381,1.7852934393718078
2025-02-23,20809,2983,98,14,14,5,0.35714285714285715,0.7568027210884354,1.6472903991035095
2025-02-24,20907,2997,85,12,12,4,0.3333333333333333,0.8550228310502284,1.3949167872727832
2025-02-25,20992,3009,101,15,15,8,0.5333333333333333,0.8534883720930232,1.2839851771532456
2025-02-26,21093,3024,91,13,13,7,0.5384615384615384,0.8402366863905325,1.3161556441761881
2025-02-27,21184,3037,131,19,19,11,0.5789473684210527,0.8242481203007519,1.37942494986807
2025-02-28,21315,3056,96,14,14,7,0.5,0.8667247386759582,1.263683500700192
2025-03-01,21411,3070,137,19,19,7,0.3684210526315789,0.7698483496877787,1.6458926871767985
2025-03-02,21548,3089,120,17,17,8,0.47058823529411764,0.7635636778983438,1.6025406331599827
2025-03-03,21668,3106,113,16,16,7,0.4375,0.7345360824742269,1.682004272034983
2025-03-04,21781,3122,60,8,8,2,0.25,0.71875,1.8496267274266345
2025-03-05,21841,3130,96,14,14,7,0.5,0.8179442508710801,1.4173129842463525
2025-03-06,21937,3144,127,18,18,11,0.6111111111111112,0.8476044852191641,1.3114419998251152
2025-03-07,22064,3162,135,19,19,13,0.6842105263157895,0.8452813067150634,1.297798828608456
2025-03-08,22199,3181,101,14,14,2,0.14285714285714285,0.6756978653530378,1.9881911668772734
2025-03-09,22300,3195,100,14,14,9,0.6428571428571429,0.8978405315614618,1.152622247304188
2025-03-10,22400,3209,109,16,16,7,0.4375,0.8487903225806452,1.3211990300701801
2025-03-11,22509,3225,118,17,17,6,0.35294117647058826,0.7175305765870704,1.8222646867522503
2025-03-12,22627,3242,90,13,13,8,0.6153846153846154,0.7992007992007992,1.5184846878511171
2025-03-13,22717,3255,72,10,10,5,0.5,0.9048387096774193,1.2150534652124088
2025-03-14,22789,3265,87,12,12,7,0.5833333333333334,0.86,1.2895759572113328
2025-03-15,22876,3277,85,12,12,6,0.5,0.7785388127853881,1.5779262454043899
2025-03-16,22961,3289,83,11,11,5,0.45454545454545453,0.8787878787878789,1.3332226023393572
2025-03-17,23044,3300,91,13,13,7,0.5384615384615384,0.8994082840236686,1.2022285950857754
2025-03-18,23135,3313,111,16,16,9,0.5625,0.7730263157894737,1.5586145428547762
2025-03-19,23246,3329,139,20,20,10,0.5,0.884453781512605,1.217752578917568
2025-03-20,23385,3349,80,11,11,5,0.45454545454545453,0.8511198945981555,1.304581299784722
2025-03-21,23465,3360,127,18,18,9,0.5,0.8022426095820591,1.452261762369937
2025-03-22,23592,3378,118,17,17,6,0.35294117647058826,0.7606290040768783,1.6273759836287596
2025-03-23,23710,3395,101,14,14,8,0.5714285714285714,0.8111658456486043,1.4276230616098593
2025-03-24,23811,3409,77,11,11,5,0.45454545454545453,0.6749311294765841,1.8913009930169609
2025-03-25,23888,3420,70,10,10,7,0.7,0.9550000000000001,0.916215092012048
2025-03-26,23958,3430,88,13,13,7,0.5384615384615384,0.7753846153846153,1.5018998459722293
2025-03-27,24046,3443,103,14,14,3,0.21428571428571427,0.7134831460674158,1.785409572988978
2025-03-28,24149,3457,64,9,9,4,0.4444444444444444,0.7717171717171718,1.632103508473471
2025-03-29,24213,3466,122,17,17,5,0.29411764705882354,0.7008403361344537,1.8194470473330127
2025-03-30,24335,3483,85,12,12,8,0.6666666666666666,0.8938356164383561,1.2414211492147689
2025-03-31,24420,3495,68,10,10,5,0.5,0.7706896551724138,1.5585322683875045
2025-04-01,24488,3505,104,15,15,9,0.6,0.8689138576779026,1.2444281971425144
2025-04-02,24592,3520,87,13,13,5,0.38461538461538464,0.7733887733887734,1.5482741813878467
2025-04-03,24679,3533,125,18,18,4,0.2222222222222222,0.6858774662512981,1.8784245859646593
2025-04-04,24804,3551,77,11,11,3,0.2727272727272727,0.8195592286501379,1.4635720816507551
2025-04-05,24881,3562,123,17,17,6,0.35294117647058826,0.7524972253052165,1.686365634040635
2025-04-06,25004,3579,112,16,16,5,0.3125,0.6920572916666667,1.8470213812380671
2025-04-07,25116,3595,91,13,13,5,0.38461538461538464,0.7801484230055659,1.5508315805292348
2025-04-08,25207,3608,83,12,12,8,0.6666666666666666,0.8356807511737089,1.3674063333587554
2025-04-09,25290,3620,68,10,10,5,0.5,0.8603448275862068,1.24528675161508
2025-04-10,25358,3630,136,20,20,9,0.45,0.7581896551724138,1.569434630885062
2025-04-11,25494,3650,117,16,16,7,0.4375,0.7586633663366337,1.6376541811186747
2025-04-12,25611,3666,89,13,13,6,0.46153846153846156,0.8451417004048584,1.3432042660577284
2025-04-13,25700,3679,72,10,10,5,0.5,0.9096774193548387,1.116032020812213
2025-04-14,25772,3689,83,12,12,6,0.5,0.7546948356807511,1.579749207712973
2025-04-15,25855,3701,109,16,16,6,0.375,0.7809139784946236,1.478476854616009
2025-04-16,25964,3717,104,15,15,7,0.4666666666666667,0.8711610486891386,1.221470893490196
2025-04-17,26068,3732,116,17,17,10,0.5882352941176471,0.8401663695781343,1.3270062976616173
2025-04-18,26184,3749,113,17,17,6,0.35294117647058826,0.8357843137254901,1.3223582789411463
2025-04-19,26297,3766,96,13,13,6,0.46153846153846156,0.845227062094532,1.3879479233114227
2025-04-20,26393,3779,74,10,10,5,0.5,0.78125,1.5764344725517434
2025-04-21,26467,3789,94,13,13,7,0.5384615384615384,0.855650522317189,1.3275228787259956
2025-04-22,26561,3802,115,16,16,12,0.75,0.9477791116446579,0.9580030117327757
2025-04-23,26676,3818,125,18,18,4,0.2222222222222222,0.7409138110072689,1.6564758792977516
2025-04-24,26801,3836,91,13,13,4,0.3076923076923077,0.7100591715976332,1.7175325770683931
2025-04-25,26892,3849,63,9,9,4,0.4444444444444444,0.8148148148148149,1.4770742887111863
2025-04-26,26955,3858,111,16,16,9,0.5625,0.8644736842105263,1.246074245443975
2025-04-27,27066,3874,73,11,11,8,0.7272727272727273,0.8797653958944281,1.1412896857749646
2025-04-28,27139,3885,77,11,11,2,0.18181818181818182,0.7286501377410468,1.716336450169485
2025-04-29,27216,3896,79,11,11,6,0.5454545454545454,0.7820855614973262,1.5065965553513911
2025-04-30,27295,3907,80,11,11,6,0.5454545454545454,0.8537549407114624,1.389686775214871
2025-05-01,27375,3918,73,10,10,6,0.6,0.892063492063492,1.2563002464021664
2025-05-02,27448,3928,129,18,18,6,0.3333333333333333,0.7457457457457458,1.6743133102194987
2025-05-03,27577,3946,99,14,14,2,0.14285714285714285,0.5823529411764705,2.1452952644493317
2025-05-04,27676,3960,97,14,14,4,0.2857142857142857,0.6325301204819277,1.9120668645930594
2025-05-05,27773,3974,125,18,18,9,0.5,0.8125649013499481,1.43914166822646
2025-05-06,27898,3992,112,16,16,8,0.5,0.7766927083333333,1.5854564630854795
2025-05-07,28010,4008,89,13,13,7,0.5384615384615384,0.8572874493927125,1.2509544702487825
2025-05-08,28099,4021,63,9,9,4,0.4444444444444444,0.8971193415637859,1.2382671271995467
2025-05-09,28162,4030,110,16,16,6,0.375,0.7978723404255319,1.488037708054252
2025-05-10,28272,4046,114,16,16,8,0.5,0.7570153061224489,1.6195446219045797
2025-05-11,28386,4062,70,10,10,6,0.6,0.9016666666666666,1.131131110748686
2025-05-12,28456,4072,66,9,9,3,0.3333333333333333,0.6237816764132553,2.099404578538325
2025-05-13,28522,4081,66,9,9,3,0.3333333333333333,0.797270955165692,1.5541971149846971
2025-05-14,28588,4090,98,14,14,5,0.35714285714285715,0.7542517006802721,1.5913958414818943
2025-05-15,28686,4104,121,17,17,9,0.5294117647058824,0.8184389140271493,1.4356355215554686
2025-05-16,28807,4121,148,21,21,9,0.42857142857142855,0.713535808023997,1.740463047610499
2025-05-17,28955,4142,78,11,11,3,0.2727272727272727,0.7964721845318861,1.4787344076024
2025-05-18,29033,4153,117,16,16,7,0.4375,0.853960396039604,1.3617103084976363
2025-05-19,29150,4169,77,11,11,7,0.6363636363636364,0.8209366391184574,1.3602155495077388
2025-05-20,29227,4180,115,17,17,6,0.35294117647058826,0.7130852340936374,1.7449765692149575
2025-05-21,29342,4197,88,13,13,3,0.23076923076923078,0.6776061776061776,1.8746314146394951
2025-05-22,29430,4210,55,8,8,6,0.75,0.9441489361702127,0.9874151848670314
2025-05-23,29485,4218,70,10,10,4,0.4,0.745,1.693301893530012
2025-05-24,29555,4228,111,15,15,6,0.4,0.7875,1.5629768399408264
2025-05-25,29666,4243,114,16,16,5,0.3125,0.7633928571428571,1.6083405731384803
2025-05-26,29780,4259,77,12,12,8,0.6666666666666666,0.8333333333333333,1.275379442270488
2025-05-27,29857,4271,90,13,13,5,0.38461538461538464,0.7522477522477522,1.6712853409762272
2025-05-28,29947,4284,87,13,13,4,0.3076923076923077,0.7130977130977132,1.6939349038553386
2025-05-29,30034,4297,103,15,15,10,0.6666666666666666,0.8946969696969697,1.2145463410926396
2025-05-30,30137,4312,94,14,14,6,0.42857142857142855,0.7919642857142858,1.4624527553867999
2025-05-31,30231,4326,114,16,16,5,0.3125,0.8131377551020409,1.46012894165476
2025-06-01,30345,4342,90,13,13,4,0.3076923076923077,0.8051948051948052,1.470922715452539
2025-06-02,30435,4355,119,17,17,11,0.6470588235294118,0.8886966551326412,1.15958547131234
2025-06-03,30554,4372,123,17,17,7,0.4117647058823529,0.8429522752497225,1.3962884378654645
2025-06-04,30677,4389,112,16,16,10,0.625,0.8645833333333334,1.247323997884259
2025-06-05,30789,4405,95,13,13,6,0.46153846153846156,0.8545966228893058,1.3602778624780085
2025-06-06,30884,4418,102,14,14,6,0.42857142857142855,0.7459415584415585,1.703741591120755
2025-06-07,30986,4432,84,12,12,1,0.08333333333333333,0.7361111111111112,1.6984455806605385
2025-06-08,31070,4444,67,9,9,1,0.1111111111111111,0.710727969348659,1.8764209570479171
2025-06-09,31137,4453,97,14,14,4,0.2857142857142857,0.7022375215146299,1.84663480962965
2025-06-10,31234,4467,111,16,16,7,0.4375,0.8552631578947367,1.2704707081234339
2025-06-11,31345,4483,109,16,16,7,0.4375,0.7405913978494624,1.6537086212965253
2025-06-12,31454,4499,95,13,13,3,0.23076923076923078,0.7148217636022514,1.7105141429425
2025-06-13,31549,4512,81,11,11,6,0.5454545454545454,0.8376623376623377,1.3804577052578058
2025-06-14,31630,4523,95,13,13,5,0.38461538461538464,0.7692307692307693,1.605435218869308
2025-06-15,31725,4536,101,14,14,6,0.42857142857142855,0.7479474548440065,1.6267348190772388
2025-06-16,31826,4550,97,14,14,8,0.5714285714285714,0.7934595524956971,1.5217061172236725
2025-06-17,31923,4564,95,14,14,4,0.2857142857142857,0.7610229276895943,1.6480286001858968
2025-06-18,32018,4578,106,15,15,10,0.6666666666666666,0.8783882783882784,1.2458724032958324
2025-06-19,32124,4593,83,12,12,7,0.5833333333333334,0.8791079812206573,1.2099773077821938
2025-06-20,32207,4605,93,13,13,5,0.38461538461538464,0.8009615384615385,1.517159733367728
2025-06-21,32300,4618,123,17,17,7,0.4117647058823529,0.7397336293007769,1.6728029069388646
2025-06-22,32423,4635,88,12,12,5,0.4166666666666667,0.8399122807017544,1.4324255500250846
2025-06-23,32511,4647,118,17,17,9,0.5294117647058824,0.9062317996505532,1.1937311539548319
2025-06-24,32629,4664,92,14,14,7,0.5,0.8260073260073261,1.4333336040319389
2025-06-25,32721,4678,123,18,18,8,0.4444444444444444,0.8592592592592593,1.3146468268699818
2025-06-26,32844,4696,80,12,12,4,0.3333333333333333,0.821078431372549,1.3585536515795873
2025-06-27,32924,4708,104,15,15,7,0.4666666666666667,0.8074906367041199,1.4840547221413198
2025-06-28,33028,4723,86,12,12,5,0.4166666666666667,0.786036036036036,1.5626514482132283
2025-06-29,33114,4735,117,17,17,11,0.6470588235294118,0.9215896885069818,1.0895364405257715
2025-06-30,33231,4752,91,13,13,4,0.3076923076923077,0.7218934911242604,1.7463636452977978
2025-07-01,33322,4765,128,18,18,11,0.6111111111111112,0.8353535353535354,1.3980835566094527
2025-07-02,33450,4783,101,15,15,10,0.6666666666666666,0.9116279069767442,1.0756771915056873
2025-07-03,33551,4798,99,14,14,8,0.5714285714285714,0.8605042016806723,1.2784663328511798
2025-07-04,33650,4812,106,15,15,7,0.4666666666666667,0.8366300366300367,1.377481356776052
2025-07-05,33756,4827,99,14,14,6,0.42857142857142855,0.8047619047619048,1.422701175986395
2025-07-06,33855,4841,130,19,19,6,0.3157894736842105,0.716927453769559,1.7337861079260346
2025-07-07,33985,4860,97,14,14,5,0.35714285714285715,0.7874354561101549,1.5170148072812353
2025-07-08,34082,4874,98,14,14,6,0.42857142857142855,0.7636054421768708,1.6285355826360282
2025-07-09,34180,4888,110,16,16,9,0.5625,0.8410904255319148,1.3143936250321941
2025-07-10,34290,4904,95,14,14,5,0.35714285714285715,0.7795414462081128,1.5158506730174832
2025-07-11,34385,4918,93,14,14,2,0.14285714285714285,0.6491862567811935,1.9326823917336673
2025-07-12,34478,4932,62,9,9,2,0.2222222222222222,0.8218029350104822,1.3296317602864562
2025-07-13,34540,4941,89,13,13,7,0.5384615384615384,0.7631578947368421,1.5108150088058385
2025-07-14,34629,4954,85,12,12,6,0.5,0.9006849315068493,1.1666922259675905
2025-07-15,34714,4966,133,19,19,6,0.3157894736842105,0.7677746999076639,1.6008012795064133
2025-07-16,34847,4985,98,14,14,8,0.5714285714285714,0.8282312925170068,1.3915144718217913
2025-07-17,34945,4999,96,14,14,6,0.42857142857142855,0.7639372822299652,1.525523771672854
2025-07-18,35041,5013,71,10,10,4,0.4,0.6885245901639344,1.872569795905752
2025-07-19,35112,5023,123,17,17,7,0.4117647058823529,0.7830188679245282,1.5677305463257234
2025-07-20,35235,5040,101,14,14,6,0.42857142857142855,0.7848932676518883,1.569275711874328
2025-07-21,35336,5054,74,10,10,5,0.5,0.80625,1.5174493605562536
2025-07-22,35410,5064,108,16,16,6,0.375,0.7717391304347826,1.5466200023993464
2025-07-23,35518,5080,97,14,14,4,0.2857142857142857,0.7736660929432014,1.5734280251521156
2025-07-24,35615,5094,137,20,20,11,0.55,0.8448717948717949,1.339518211714092
2025-07-25,35752,5114,87,13,13,4,0.3076923076923077,0.7588357588357588,1.5691449861444442
2025-07-26,35839,5127,107,15,15,7,0.4666666666666667,0.8239130434782608,1.420588249858489
2025-07-27,35946,5142,99,14,14,7,0.5,0.8739495798319328,1.251261853315547
2025-07-28,36045,5156,110,16,16,6,0.375,0.8065159574468085,1.4634936405461132
2025-07-29,36155,5172,90,13,13,3,0.23076923076923078,0.7962037962037962,1.4775800960640253
2025-07-30,36245,5185,83,12,12,8,0.6666666666666666,0.903755868544601,1.0968549723195424
2025-07-31,36328,5197,128,18,18,7,0.3888888888888889,0.8308080808080808,1.4089194135412262
2025-08-01,36456,5215,108,15,15,8,0.5333333333333333,0.8394265232974911,1.3871132477000172
2025-08-02,36564,5230,115,16,16,8,0.5,0.8705808080808081,1.278420072336761
2025-08-03,36679,5246,109,15,15,7,0.4666666666666667,0.8487903225806452,1.3827337668042712
2025-08-04,36788,5261,102,15,15,6,0.4,0.735632183908046,1.6610835466351874
2025-08-05,36890,5276,127,19,19,9,0.47368421052631576,0.7612085769980508,1.5486123633950888
2025-08-06,37017,5295,91,13,13,3,0.23076923076923078,0.6893491124260355,1.781578146410521
2025-08-07,37108,5308,69,10,10,2,0.2,0.7898305084745763,1.487570903085631
2025-08-08,37177,5318,102,14,14,2,0.14285714285714285,0.7232142857142858,1.7156608459516196
2025-08-09,37279,5332,130,18,18,6,0.3333333333333333,0.7078373015873015,1.8530847962976122
2025-08-10,37409,5350,112,16,16,6,0.375,0.7799479166666667,1.5556242522332444
2025-08-11,37521,5366,81,11,11,4,0.36363636363636365,0.6194805194805195,2.0221314008830746
2025-08-12,37602,5377,86,12,12,6,0.5,0.8429926238145417,1.404691482210207
2025-08-13,37688,5389,109,15,15,10,0.6666666666666666,0.9503546099290779,1.0116418723869876
2025-08-14,37797,5404,110,15,15,8,0.5333333333333333,0.8091228070175439,1.5388667982215216
2025-08-15,37907,5419,106,15,15,9,0.6,0.8967032967032967,1.1435913976212462
2025-08-16,38013,5434,77,11,11,1,0.09090909090909091,0.674931129476584,1.8541099077046361
2025-08-17,38090,5445,85,12,12,4,0.3333333333333333,0.6358447488584476,1.8854792751664176
2025-08-18,38175,5457,89,13,13,4,0.3076923076923077,0.7419028340080972,1.7045955351197035
2025-08-19,38264,5470,105,15,15,5,0.3333333333333333,0.7348148148148148,1.6730895107386727
2025-08-20,38369,5485,123,18,18,6,0.3333333333333333,0.7402116402116402,1.6202756033332852
2025-08-21,38492,5503,104,15,15,9,0.6,0.798501872659176,1.4783240826475528
2025-08-22,38596,5518,80,12,12,7,0.5833333333333334,0.7634902411021813,1.6286534744809218
2025-08-23,38676,5530,90,13,13,5,0.38461538461538464,0.7252747252747254,1.668086566977916
2025-08-24,38766,5543,84,12,12,4,0.3333333333333333,0.7475622968580715,1.7022088578027033
2025-08-25,38850,5555,93,13,13,7,0.5384615384615384,0.8423076923076923,1.3639833362110707
2025-08-26,38943,5568,113,16,16,7,0.4375,0.8195876288659795,1.4472511506275767
2025-08-27,39056,5584,105,15,15,9,0.6,0.9251851851851852,1.051437056050915
2025-08-28,39161,5599,129,19,19,10,0.5263157894736842,0.8870813397129187,1.2071553630644138
2025-08-29,39290,5618,104,15,15,10,0.6666666666666666,0.8861423220973782,1.1930296070084745
2025-08-30,39394,5633,81,11,11,7,0.6363636363636364,0.9402597402597402,1.051582099231912
2025-08-31,39475,5644,83,11,11,7,0.6363636363636364,0.8977272727272727,1.2453332107633777
2025-09-01,39558,5655,116,17,17,8,0.47058823529411764,0.8995840760546643,1.183166075550476
2025-09-02,39674,5672,110,16,16,6,0.375,0.7386968085106382,1.642668981883183
2025-09-03,39784,5688,83,12,12,7,0.5833333333333334,0.7593896713615024,1.5839527644903175
2025-09-04,39867,5700,73,10,10,3,0.3,0.7492063492063493,1.6970432339750157
2025-09-05,39940,5710,90,12,12,4,0.3333333333333333,0.8461538461538461,1.3879208220450538
2025-09-06,40030,5722,93,13,13,5,0.38461538461538464,0.85,1.366160332785901
2025-09-07,40123,5735,128,18,18,6,0.3333333333333333,0.6949494949494949,1.7819215736512883
2025-09-08,40251,5753,109,16,16,2,0.125,0.5987903225806452,2.10304299830788
2025-09-09,40360,5769,110,16,16,7,0.4375,0.8603723404255319,1.2307946674718044
2025-09-10,40470,5785,97,14,14,3,0.21428571428571427,0.7555938037865748,1.6132861475908038
2025-09-11,40567,5799,111,16,16,10,0.625,0.8960526315789473,1.1718010252526412
2025-09-12,40678,5815,102,14,14,5,0.35714285714285715,0.7987012987012987,1.5480438323978463
2025-09-13,40780,5829,87,12,12,4,0.3333333333333333,0.6966666666666667,1.790944794036948
2025-09-14,40867,5841,103,14,14,9,0.6428571428571429,0.8747993579454254,1.2970696405045319
2025-09-15,40970,5855,86,12,12,3,0.25,0.7567567567567568,1.6611572027066563
2025-09-16,41056,5867,103,15,15,6,0.4,0.7772727272727273,1.5793563528647858
2025-09-17,41159,5882,82,12,12,5,0.4166666666666667,0.7857142857142857,1.4837029436194806
2025-09-18,41241,5894,139,20,20,8,0.4,0.731638418079096,1.6609023740691424
2025-09-19,41380,5914,96,14,14,3,0.21428571428571427,0.6750871080139372,1.8211272377419683
2025-09-20,41476,5928,102,14,14,3,0.21428571428571427,0.7913961038961038,1.5620774867357117
2025-09-21,41578,5942,130,18,18,7,0.3888888888888889,0.7688492063492063,1.615239780861482
2025-09-22,41708,5960,116,16,16,7,0.4375,0.783125,1.542031737232651
2025-09-23,41824,5976,113,16,16,4,0.25,0.7100515463917526,1.7460545531580534
2025-09-24,41937,5992,103,15,15,7,0.4666666666666667,0.8060344827586207,1.4540649724727477
2025-09-25,42040,6007,119,17,17,11,0.6470588235294118,0.8431372549019608,1.323333889727115
2025-09-26,42159,6024,141,20,20,3,0.15,0.6504132231404959,1.9802546677554875
2025-09-27,42300,6044,96,14,14,2,0.14285714285714285,0.6550522648083623,1.9246157187442374
2025-09-28,42396,6058,86,12,12,3,0.25,0.7387387387387387,1.6235171977164564
2025-09-29,42482,6070,84,12,12,8,0.6666666666666666,0.84375,1.283103535862946
2025-09-30,42566,6082,105,15,15,7,0.4666666666666667,0.7896296296296297,1.5017911989177635
2025-10-01,42671,6097,117,17,17,5,0.29411764705882354,0.7376470588235293,1.6556824606376142
2025-10-02,42788,6114,100,14,14,8,0.5714285714285714,0.8847058823529412,1.2750706376058254
2025-10-03,42888,6128,146,20,20,8,0.4,0.8003968253968254,1.5464797330110887
2025-10-04,43034,6148,101,14,14,8,0.5714285714285714,0.8144499178981938,1.4164749600215187
2025-10-05,43135,6162,98,14,14,8,0.5714285714285714,0.7959183673469388,1.5263578352645293
2025-10-06,43233,6176,70,10,10,5,0.5,0.7183333333333333,1.689784375383764
2025-10-07,43303,6186,77,11,11,8,0.7272727272727273,0.9462809917355373,0.9913785374290929
2025-10-08,43380,6197,103,15,15,5,0.3333333333333333,0.7598484848484848,1.5515234324016731
2025-10-09,43483,6212,84,12,12,5,0.4166666666666667,0.8148148148148149,1.4476143770725642
2025-10-10,43567,6224,120,17,17,9,0.5294117647058824,0.9189034837235865,1.0703688674820173
2025-10-11,43687,6241,96,13,13,7,0.5384615384615384,0.7886932344763671,1.5263094028486182
2025-10-12,43783,6254,85,12,12,6,0.5,0.8013698630136987,1.4926915802067537
2025-10-13,43868,6266,88,12,12,7,0.5833333333333334,0.8771929824561404,1.2933497364022521
2025-10-14,43956,6278,104,15,15,9,0.6,0.904119850187266,1.086837170631058
2025-10-15,44060,6293,95,14,14,8,0.5714285714285714,0.7716049382716048,1.529896218406749
2025-10-16,44155,6307,105,14,14,7,0.5,0.836734693877551,1.4377541952494752
2025-10-17,44260,6321,95,13,13,9,0.6923076923076923,0.8639774859287055,1.325993432623862
2025-10-18,44355,6334,120,16,16,7,0.4375,0.8359375,1.4231395377777896
2025-10-19,44475,6350,122,16,16,4,0.25,0.7948113207547169,1.5976838173493721
2025-10-20,44597,6366,77,11,11,4,0.36363636363636365,0.756198347107438,1.591600683938755
2025-10-21,44674,6377,84,12,12,7,0.5833333333333334,0.8784722222222222,1.2228853049245199
2025-10-22,44758,6389,77,11,11,4,0.36363636363636365,0.7410468319559229,1.6765313498380185
2025-10-23,44835,6400,119,17,17,5,0.29411764705882354,0.7860438292964245,1.5723378114592663
2025-10-24,44954,6417,90,13,13,9,0.6923076923076923,0.9210789210789212,1.0346191239198739
2025-10-25,45044,6430,86,12,12,1,0.08333333333333333,0.5844594594594594,2.098775868395228
2025-10-26,45130,6442,116,17,17,7,0.4117647058823529,0.7944147355912061,1.4675454251485809
2025-10-27,45246,6459,91,13,13,4,0.3076923076923077,0.68836291913215,1.7562178918939417
2025-10-28,45337,6472,101,15,15,4,0.26666666666666666,0.7937984496124031,1.459223846830945
2025-10-29,45438,6487,101,15,15,7,0.4666666666666667,0.8248062015503875,1.3670913051002305
2025-10-30,45539,6502,91,13,13,5,0.38461538461538464,0.7327416173570019,1.6382749752771035
2025-10-31,45630,6515,70,10,10,2,0.2,0.6133333333333333,2.0179376795655264
2025-11-01,45700,6525,90,13,13,6,0.46153846153846156,0.8191808191808192,1.445774042517948
2025-11-02,45790,6538,81,12,12,7,0.5833333333333334,0.8502415458937198,1.1988590125296874
2025-11-03,45871,6550,80,12,12,7,0.5833333333333334,0.7843137254901961,1.4952187650624797
2025-11-04,45951,6562,111,16,16,5,0.3125,0.7651315789473685,1.588829900210046
2025-11-05,46062,6578,96,14,14,8,0.5714285714285714,0.8048780487804879,1.4525764953883977
2025-11-06,46158,6592,109,15,15,6,0.4,0.7624113475177305,1.5868066306052726
2025-11-07,46267,6607,81,11,11,5,0.45454545454545453,0.7766233766233767,1.6223957152869588
2025-11-08,46348,6618,113,16,16,10,0.625,0.9117268041237114,1.1279322108232739
2025-11-09,46461,6634,128,18,18,10,0.5555555555555556,0.8454545454545455,1.3779675763344996
2025-11-10,46589,6652,104,15,15,9,0.6,0.8644194756554306,1.2480625989959953
2025-11-11,46693,6667,75,11,11,4,0.36363636363636365,0.7817460317460317,1.6148897919660914
2025-11-12,46768,6678,102,15,15,4,0.26666666666666666,0.7999999999999999,1.4521065076186965
2025-11-13,46870,6693,99,14,14,7,0.5,0.7823529411764706,1.5729458472225377
2025-11-14,46969,6707,121,17,17,4,0.23529411764705882,0.7239819004524888,1.6937833455411972
2025-11-15,47090,6724,81,11,11,8,0.7272727272727273,0.9456521739130435,1.1857888745504488
2025-11-16,47171,6735,124,17,17,8,0.47058823529411764,0.7784496976360638,1.5761341385309364
2025-11-17,47295,6752,94,14,14,6,0.42857142857142855,0.7732142857142857,1.43288954288171
2025-11-18,47389,6766,95,14,14,7,0.5,0.8130511463844797,1.4270364557940198
2025-11-19,47484,6780,107,15,15,10,0.6666666666666666,0.8652173913043478,1.2935747373837487
2025-11-20,47591,6795,96,14,14,10,0.7142857142857143,0.9015679442508711,1.1384603795738955
2025-11-21,47687,6809,101,14,14,5,0.35714285714285715,0.6954022988505748,1.7786861887090681
2025-11-22,47788,6823,79,11,11,2,0.18181818181818182,0.6844919786096257,1.7998800931244894
2025-11-23,47867,6834,93,13,13,3,0.23076923076923078,0.7625,1.6150336688510487
2025-11-24,47960,6847,103,14,14,7,0.5,0.8202247191011236,1.4610782104951958
2025-11-25,48063,6861,96,14,14,5,0.35714285714285715,0.7952961672473868,1.5119568875562588
2025-11-26,48159,6875,102,15,15,4,0.26666666666666666,0.6957854406130268,1.73099879993896
2025-11-27,48261,6890,118,17,17,5,0.29411764705882354,0.755387303436226,1.6472168276406371
2025-11-28,48379,6907,82,12,12,5,0.4166666666666667,0.7083333333333334,1.8087301018148618
2025-11-29,48461,6919,98,14,14,4,0.2857142857142857,0.7363945578231292,1.6741609565588258
2025-11-30,48559,6933,118,17,17,10,0.5882352941176471,0.8549796156086197,1.260751551557855
2025-12-01,48677,6950,91,13,13,9,0.6923076923076923,0.9536489151873768,0.9876198745508019
2025-12-02,48768,6963,110,16,16,5,0.3125,0.7626329787234043,1.5910833612918358
2025-12-03,48878,6979,103,15,15,8,0.5333333333333333,0.8378787878787879,1.3325565282368652
2025-12-04,48981,6994,124,17,17,8,0.47058823529411764,0.8246289169873556,1.4542371840214627
2025-12-05,49105,7011,93,13,13,3,0.23076923076923078,0.7730769230769231,1.5672827253530524
2025-12-06,49198,7024,96,13,13,4,0.3076923076923077,0.7673772011121409,1.6934852918280738
2025-12-07,49294,7037,114,16,16,6,0.375,0.8214285714285715,1.4506350865079072
2025-12-08,49408,7053,90,13,13,3,0.23076923076923078,0.7632367632367633,1.6904311101637335
2025-12-09,49498,7066,119,17,17,4,0.23529411764705882,0.7288228822882288,1.7045135037432138
2025-12-10,49617,7083,68,10,10,6,0.6,0.803448275862069,1.4855488390554887
2025-12-11,49685,7093,100,14,14,6,0.42857142857142855,0.7632890365448506,1.5824834923886912
2025-12-12,49785,7107,94,13,13,5,0.38461538461538464,0.7559354226020893,1.7184606529179167
2025-12-13,49879,7120,86,12,12,5,0.4166666666666667,0.670045045045045,1.8449756690028216
2025-12-14,49965,7132,87,12,12,2,0.16666666666666666,0.8288888888888888,1.4984409404426768
2025-12-15,50052,7144,90,13,13,4,0.3076923076923077,0.7152847152847153,1.7971487822697474
2025-12-16,50142,7157,69,10,10,5,0.5,0.7796610169491525,1.4786411753475395
2025-12-17,50211,7167,115,17,17,9,0.5294117647058824,0.8739495798319328,1.24296991444464
2025-12-18,50326,7184,98,14,14,8,0.5714285714285714,0.7772108843537415,1.5677418558081244
2025-12-19,50424,7198,103,15,15,3,0.2,0.7734848484848484,1.5724605283079915
2025-12-20,50527,7213,79,11,11,7,0.6363636363636364,0.8903743315508021,1.1815355324604029
2025-12-21,50606,7224,78,11,11,7,0.6363636363636364,0.9226594301221166,1.0969737826015589
2025-12-22,50684,7235,77,11,11,3,0.2727272727272727,0.7920110192837466,1.5493539188144305
2025-12-23,50761,7246,52,7,7,4,0.5714285714285714,0.8825396825396825,1.2525474240644232
2025-12-24,50813,7253,91,13,13,7,0.5384615384615384,0.8402366863905326,1.3698326805581102
2025-12-25,50904,7266,122,18,18,12,0.6666666666666666,0.9273504273504274,0.9976925327461829
2025-12-26,51026,7284,118,17,17,7,0.4117647058823529,0.7757716948165405,1.5359189937037598
2025-12-27,51144,7301,90,13,13,6,0.46153846153846156,0.7352647352647353,1.648608834150572
2025-12-28,51234,7314,114,16,16,8,0.5,0.8539540816326532,1.3291015813779516
2025-12-29,51348,7330,90,13,13,4,0.3076923076923077,0.7392607392607393,1.6483595936678195
2025-12-30,51438,7343,114,16,16,6,0.375,0.6760204081632653,1.7278601644907645
2025-12-31,51552,7359,88,13,13,6,0.46153846153846156,0.7805128205128204,1.4750496504485398
2026-01-01,51640,7372,123,18,18,10,0.5555555555555556,0.8455026455026455,1.3644705403690744
2026-01-02,51763,7390,109,16,16,5,0.3125,0.6922043010752688,1.8433479943143924
2026-01-03,51872,7406,104,15,15,3,0.2,0.752808988764045,1.6208043404507029
2026-01-04,51976,7421,155,22,22,7,0.3181818181818182,0.7088174982911825,1.770107151164666
2026-01-05,52131,7443,109,15,15,6,0.4,0.7999999999999999,1.526663787415223
2026-01-06,52240,7458,102,14,14,9,0.6428571428571429,0.8449675324675325,1.3813518904995274
2026-01-07,52342,7472,85,12,12,9,0.75,0.9052511415525115,1.1323695605374646
2026-01-08,52427,7484,68,10,10,4,0.4,0.6603448275862068,1.9743337826927596
2026-01-09,52495,7494,117,17,17,8,0.47058823529411764,0.9035294117647058,1.1353477865123054
2026-01-10,52612,7511,85,13,13,4,0.3076923076923077,0.7724358974358975,1.4902089347690277
2026-01-11,52697,7524,70,10,10,5,0.5,0.7000000000000001,1.8584096123674236
2026-01-12,52767,7534,70,10,10,4,0.4,0.8983333333333334,1.1768852634862192
2026-01-13,52837,7544,98,14,14,8,0.5714285714285714,0.8214285714285714,1.3702886503280978
2026-01-14,52935,7558,105,15,15,6,0.4,0.7711111111111111,1.5817247830595744
2026-01-15,53040,7573,113,16,16,7,0.4375,0.8324742268041236,1.4034405298930932
2026-01-16,53153,7589,118,16,16,8,0.5,0.8872549019607843,1.266803120397657
2026-01-17,53271,7605,98,14,14,5,0.35714285714285715,0.848639455782313,1.3856452440894544
2026-01-18,53369,7619,89,12,12,4,0.3333333333333333,0.7521645021645021,1.7429348834834089
2026-01-19,53458,7631,98,14,14,5,0.35714285714285715,0.7568027210884354,1.5577304237476828
2026-01-20,53556,7645,89,13,13,6,0.46153846153846156,0.7591093117408907,1.5619953461507161
2026-01-21,53645,7658,105,15,15,7,0.4666666666666667,0.8214814814814816,1.4466612699828545
2026-01-22,53750,7673,125,17,17,9,0.5294117647058824,0.8643790849673203,1.3219002787883989
2026-01-23,53875,7690,121,17,17,9,0.5294117647058824,0.78789592760181,1.4630463177683115
2026-01-24,53996,7707,60,8,8,3,0.375,0.8581730769230769,1.3460568556421775
2026-01-25,54056,7715,102,14,14,7,0.5,0.8847402597402597,1.1891453340959173
2026-01-26,54158,7729,91,13,13,5,0.38461538461538464,0.8185404339250493,1.4438947563834075
2026-01-27,54249,7742,108,16,16,8,0.5,0.860733695652174,1.2851436741878104
2026-01-28,54357,7758,98,14,14,8,0.5714285714285714,0.8392857142857142,1.335164623364207
2026-01-29,54455,7772,71,10,10,5,0.5,0.7573770491803279,1.6091611416084515
2026-01-30,54526,7782,76,10,10,5,0.5,0.8712121212121212,1.341919199018157
2026-01-31,54602,7792,119,17,17,8,0.47058823529411764,0.825836216839677,1.373444765247957
2026-02-01,54721,7809,121,17,17,10,0.5882352941176471,0.8891402714932126,1.2221149597345682
2026-02-02,54842,7826,97,14,14,5,0.35714285714285715,0.7203098106712564,1.7055445988809024
2026-02-03,54939,7840,102,15,15,8,0.5333333333333333,0.8551724137931035,1.3047851475567194
2026-02-04,55041,7855,105,15,15,6,0.4,0.7043539325842697,1.8563746652695436
2026-02-05,55146,7870,102,14,14,7,0.5,0.8717532467532467,1.2979642741308388
2026-02-06,55248,7884,93,13,13,5,0.38461538461538464,0.7798076923076923,1.5653589760190958
2026-02-07,55341,7897,104,15,15,8,0.5333333333333333,0.8382022471910112,1.3410595699016346
2026-02-08,55445,7912,104,14,14,8,0.5714285714285714,0.8214285714285715,1.448215583238349
2026-02-09,55549,7926,111,16,16,4,0.25,0.7092105263157895,1.7676352335515753
2026-02-10,55660,7942,87,13,13,6,0.46153846153846156,0.8877338877338877,1.124277134439456
2026-02-11,55747,7955,111,16,16,8,0.5,0.8605263157894737,1.2354625570162994
2026-02-12,55858,7971,113,16,16,3,0.1875,0.7860824742268041,1.5804131412825564
2026-02-13,55971,7987,94,13,13,7,0.5384615384615384,0.8879392212725546,1.304470006259625
2026-02-14,56065,8000,94,13,13,6,0.46153846153846156,0.6961063627730295,1.7991349664264216
2026-02-15,56159,8013,121,17,17,8,0.47058823529411764,0.829185520361991,1.3850987830844859
2026-02-16,56280,8030,124,18,18,11,0.6111111111111112,0.8726415094339622,1.2380435383118413
2026-02-17,56404,8048,105,15,15,5,0.3333333333333333,0.8881481481481481,1.210836607238995
2026-02-18,56509,8063,103,15,15,5,0.3333333333333333,0.7291666666666667,1.615984393676348
2026-02-19,56612,8078,84,12,12,4,0.3333333333333333,0.6828703703703703,1.8079244270019295
2026-02-20,56696,8090,91,13,13,6,0.46153846153846156,0.8451676528599606,1.347507419408991
2026-02-21,56787,8103,94,13,13,8,0.6153846153846154,0.8262108262108263,1.4702147632688851
2026-02-22,56881,8116,113,16,16,6,0.375,0.7983247422680413,1.5381911703171827
2026-02-23,56994,8132,106,15,15,9,0.6,0.7853479853479853,1.4650717966689533
2026-02-24,57100,8147,98,14,14,8,0.5714285714285714,0.8605442176870748,1.2935223809053937
2026-02-25,57198,8161,125,18,18,6,0.3333333333333333,0.7274143302180686,1.6344012516391446
2026-02-26,57323,8179,98,14,14,5,0.35714285714285715,0.8078231292517007,1.4661331840656973
2026-02-27,57421,8193,96,14,14,6,0.42857142857142855,0.7221254355400697,1.752672411729185
2026-02-28,57517,8207,102,14,14,6,0.42857142857142855,0.8133116883116883,1.4788954189157053
2026-03-01,57619,8221,108,15,15,7,0.4666666666666667,0.8851902173913044,1.3213290750807056
2026-03-02,57727,8236,93,13,13,3,0.23076923076923078,0.7826923076923077,1.5523993309667443
2026-03-03,57820,8249,90,13,13,4,0.3076923076923077,0.6703296703296704,1.8377970774447845
2026-03-04,57910,8262,82,12,12,8,0.6666666666666666,0.9571428571428572,0.8725396474386063
2026-03-05,57992,8274,95,13,13,8,0.6153846153846154,0.8930581613508443,1.2571713894862455
2026-03-06,58087,8287,101,15,15,6,0.4,0.7317829457364341,1.6224338226383952
2026-03-07,58188,8302,84,12,12,8,0.6666666666666666,0.8425925925925926,1.3220016032310997
2026-03-08,58272,8314,87,12,12,5,0.4166666666666667,0.8044444444444445,1.5076735110377222
2026-03-09,58359,8326,131,19,19,7,0.3684210526315789,0.7138157894736842,1.7411895704700446
2026-03-10,58490,8345,103,15,15,6,0.4,0.8151515151515151,1.3762229067320695
2026-03-11,58593,8360,91,13,13,8,0.6153846153846154,0.8372781065088758,1.3471772734704988
2026-03-12,58684,8373,93,12,12,3,0.25,0.8477366255144033,1.4213003450980086
2026-03-13,58777,8385,82,11,11,8,0.7272727272727273,0.93854033290653,0.9082272321915661
2026-03-14,58859,8396,122,17,17,7,0.4117647058823529,0.8336134453781512,1.3913193227194147
2026-03-15,58981,8413,119,17,17,5,0.29411764705882354,0.7572087658592849,1.6466797637556874
2026-03-16,59100,8430,104,15,15,9,0.6,0.901123595505618,1.1612443551339668
2026-03-17,59204,8445,84,12,12,3,0.25,0.7766203703703702,1.5815954997901205
2026-03-18,59288,8457,96,14,14,7,0.5,0.8031358885017421,1.444376366729952
2026-03-19,59384,8471,94,13,13,8,0.6153846153846154,0.875593542260209,1.3104882078311517
2026-03-20,59478,8484,98,14,14,4,0.2857142857142857,0.814625850340136,1.4776192150227738
2026-03-21,59576,8498,105,15,15,6,0.4,0.7437037037037038,1.6728497729887049
2026-03-22,59681,8513,109,15,15,9,0.6,0.848936170212766,1.328147367445686
2026-03-23,59790,8528,94,14,14,9,0.6428571428571429,0.93125,1.011543946036044
2026-03-24,59884,8542,124,18,18,3,0.16666666666666666,0.6766247379454926,1.823405957143923
2026-03-25,60008,8560,101,15,15,3,0.2,0.7271317829457364,1.6663506373162256
2026-03-26,60109,8575,121,18,18,8,0.4444444444444444,0.8247033441208198,1.359818548377195
2026-03-27,60230,8593,91,14,14,6,0.42857142857142855,0.7922077922077921,1.3974271572942036
2026-03-28,60321,8607,107,15,15,7,0.4666666666666667,0.8,1.5023091914725848
2026-03-29,60428,8622,111,16,16,9,0.5625,0.8335526315789473,1.3684129339991513
2026-03-30,60539,8638,83,12,12,3,0.25,0.6983568075117371,1.7920462611056849
2026-03-31,60622,8650,71,10,10,5,0.5,0.8114754098360655,1.4644924849566174
2026-04-01,60693,8660,90,13,13,8,0.6153846153846154,0.8621378621378621,1.2265295702615768
2026-04-02,60783,8673,136,19,19,8,0.42105263157894735,0.8286099865047233,1.4321260834835392
2026-04-03,60919,8692,119,17,17,9,0.5294117647058824,0.8396770472895041,1.3305566577638501
2026-04-04,61038,8709,93,13,13,7,0.5384615384615384,0.9125,1.1115334616771895
2026-04-05,61131,8722,101,14,14,10,0.7142857142857143,0.8932676518883416,1.1792256262826728
2026-04-06,61232,8736,102,15,15,5,0.3333333333333333,0.6942528735632184,1.768979503806082
2026-04-07,61334,8751,116,17,17,9,0.5294117647058824,0.8437314319667261,1.314212813417863
2026-04-08,61450,8768,83,12,12,7,0.5833333333333334,0.9002347417840375,1.1316497143718027
2026-04-09,61533,8780,114,16,16,6,0.375,0.7678571428571429,1.6165920223278007
2026-04-10,61647,8796,108,15,15,8,0.5333333333333333,0.8229390681003584,1.4394865830269659
2026-04-11,61755,8811,120,17,17,10,0.5882352941176471,0.7515705311250713,1.627642723744478
2026-04-12,61875,8828,124,17,17,9,0.5294117647058824,0.8037383177570093,1.5348140769566296
2026-04-13,61999,8845,101,15,15,6,0.4,0.8286821705426357,1.4309451535118207
2026-04-14,62100,8860,120,18,18,9,0.5,0.8425925925925926,1.2824210304842754
2026-04-15,62220,8878,101,15,15,7,0.4666666666666667,0.7364341085271319,1.650720508056097
2026-04-16,62321,8893,104,15,15,4,0.26666666666666666,0.7662921348314607,1.5887738934207
2026-04-17,62425,8908,112,16,16,9,0.5625,0.8229166666666667,1.385398457512471
2026-04-18,62537,8924,100,15,15,4,0.26666666666666666,0.7278431372549019,1.5763759870919565
2026-04-19,62637,8939,135,19,19,7,0.3684210526315789,0.7599818511796733,1.6450374018848242
2026-04-20,62772,8958,124,18,18,9,0.5,0.8280922431865828,1.3704270862537102
2026-04-21,62896,8976,100,14,14,10,0.7142857142857143,0.8282352941176472,1.4135283470564937
2026-04-22,62996,8990,89,13,13,3,0.23076923076923078,0.6143724696356275,1.9817216121544188
2026-04-23,63085,9003,121,17,17,10,0.5882352941176471,0.917420814479638,1.058353584704991
2026-04-24,63206,9020,107,15,15,8,0.5333333333333333,0.8528985507246377,1.3022174706350842
2026-04-25,63313,9035,81,11,11,4,0.36363636363636365,0.7883116883116883,1.5806477428924324
2026-04-26,63394,9046,86,12,12,4,0.3333333333333333,0.722972972972973,1.7154537719723975
2026-04-27,63480,9058,100,15,15,7,0.4666666666666667,0.7952941176470588,1.4531640015595981
2026-04-28,63580,9073,118,17,17,10,0.5882352941176471,0.861968549796156,1.2742623323734426
2026-04-29,63698,9090,110,16,16,2,0.125,0.5638297872340425,2.050533292959714
2026-04-30,63808,9106,89,13,13,5,0.38461538461538464,0.7933333333333333,1.520556213789438
2026-05-01,63897,9119,117,17,17,7,0.4117647058823529,0.8276470588235294,1.4262675281526407
2026-05-02,64014,9136,98,15,15,7,0.4666666666666667,0.8763052208835341,1.2455141678203325
2026-05-03,64112,9151,94,13,13,4,0.3076923076923077,0.7521367521367521,1.6684484081971183
2026-05-04,64206,9164,100,14,14,8,0.5714285714285714,0.8546511627906976,1.2799770862656243
2026-05-05,64306,9178,87,12,12,5,0.4166666666666667,0.7722222222222223,1.595117638235491
2026-05-06,64393,9190,86,12,12,3,0.25,0.722972972972973,1.7726723985427848
2026-05-07,64479,9202,88,13,13,8,0.6153846153846154,0.8882051282051282,1.1726856511539234
2026-05-08,64567,9215,120,18,18,8,0.4444444444444444,0.832244008714597,1.327978202013754
2026-05-09,64687,9233,123,17,17,2,0.11764705882352941,0.6853496115427303,1.8898823487703942
2026-05-10,64810,9250,76,11,11,7,0.6363636363636364,0.8055944055944056,1.4139875631122414
2026-05-11,64886,9261,84,12,12,7,0.5833333333333334,0.8680555555555556,1.2617254350182754
2026-05-12,64970,9273,96,13,13,8,0.6153846153846154,0.8303985171455052,1.3772866281579101
2026-05-13,65066,9286,102,15,15,7,0.4666666666666667,0.7578544061302682,1.6420747124936814
2026-05-14,65168,9301,80,11,11,6,0.5454545454545454,0.7760210803689065,1.5534950629021673
2026-05-15,65248,9312,116,16,16,9,0.5625,0.863125,1.3310194653582579
2026-05-16,65364,9328,92,13,13,4,0.3076923076923077,0.7575462512171373,1.6328467243752813
2026-05-17,65456,9341,93,13,13,4,0.3076923076923077,0.7682692307692308,1.700980007705735
2026-05-18,65549,9354,75,11,11,5,0.45454545454545453,0.7982954545454546,1.4714434666696758
2026-05-19,65624,9365,96,14,14,6,0.42857142857142855,0.8170731707317074,1.4351020521106452
2026-05-20,65720,9379,104,15,15,7,0.4666666666666667,0.7677902621722847,1.5251969269206826
2026-05-21,65824,9394,101,15,15,13,0.8666666666666667,0.9232558139534884,1.0825513346956674
2026-05-22,65925,9409,116,17,17,7,0.4117647058823529,0.7771836007130125,1.4767664012877748
2026-05-23,66041,9426,108,15,15,5,0.3333333333333333,0.7806451612903226,1.5776635880054488
2026-05-24,66149,9441,101,14,14,8,0.5714285714285714,0.8251231527093597,1.3888173994834594
2026-05-25,66250,9455,84,12,12,7,0.5833333333333334,0.849537037037037,1.3036214357407505
2026-05-26,66334,9467,111,16,16,8,0.5,0.8046052631578948,1.441940329303029
2026-05-27,66445,9483,96,14,14,8,0.5714285714285714,0.8606271777003485,1.286974094810549
2026-05-28,66541,9497,87,13,13,8,0.6153846153846154,0.7837837837837838,1.4111412380044444
2026-05-29,66628,9510,70,10,10,7,0.7,0.895,1.2022926605588526
2026-05-30,66698,9520,119,17,17,5,0.29411764705882354,0.7802768166089965,1.6016445521668383
2026-05-31,66817,9537,112,16,16,4,0.25,0.6835913312693498,1.9086813462424397
2026-06-01,66929,9553,107,15,15,10,0.6666666666666666,0.8724637681159421,1.1726736408386684
2026-06-02,67036,9568,130,18,18,9,0.5,0.8849206349206349,1.2513450100914318
2026-06-03,67166,9586,75,11,11,5,0.45454545454545453,0.7897727272727273,1.5100507450781093
2026-06-04,67241,9597,95,13,13,3,0.23076923076923078,0.7476547842401502,1.6624669530956753
2026-06-05,67336,9610,103,14,14,5,0.35714285714285715,0.7800963081861958,1.6628872818256581
2026-06-06,67439,9624,84,12,12,5,0.4166666666666667,0.8425925925925926,1.3554898718368156
2026-06-07,67523,9636,108,15,15,7,0.4666666666666667,0.7641577060931899,1.5984774529710994
2026-06-08,67631,9651,90,13,13,4,0.3076923076923077,0.7812187812187812,1.5098959577617235
2026-06-09,67721,9664,104,15,15,5,0.3333333333333333,0.8644194756554306,1.3597862726579042
2026-06-10,67825,9679,130,19,19,5,0.2631578947368421,0.8003793266951161,1.5107091270875426
2026-06-11,67955,9698,111,15,15,5,0.3333333333333333,0.7868421052631579,1.6070581579180567
2026-06-12,68066,9713,98,13,13,7,0.5384615384615384,0.7701357466063348,1.6498524742778302
2026-06-13,68164,9726,92,12,12,4,0.3333333333333333,0.7458333333333333,1.75567155494121
2026-06-14,68256,9738,132,18,18,6,0.3333333333333333,0.7685185185185185,1.608528936049745
2026-06-15,68388,9756,112,16,16,12,0.75,0.904296875,1.1753822189139709
2026-06-16,68500,9772,92,13,13,9,0.6923076923076923,0.8827838827838828,1.1694586147007826
2026-06-17,68592,9785,96,14,14,6,0.42857142857142855,0.8353658536585366,1.3946272312526122
2026-06-18,68688,9799,97,13,13,5,0.38461538461538464,0.8287545787545787,1.5006155496175966
2026-06-19,68785,9812,120,17,17,13,0.7647058823529411,0.9149057681324957,1.1154443683824011
2026-06-20,68905,9829,117,16,16,5,0.3125,0.5853960396039604,2.127002627434612
2026-06-21,69022,9845,78,11,11,2,0.18181818181818182,0.700135685210312,1.7552265202898278
2026-06-22,69100,9856,83,12,12,4,0.3333333333333333,0.687793427230047,1.7632118605065588
2026-06-23,69183,9868,73,11,11,3,0.2727272727272727,0.8020527859237536,1.4476899528458238
2026-06-24,69256,9879,79,12,12,3,0.25,0.7201492537313433,1.6379411384139708
2026-06-25,69335,9891,83,12,12,7,0.5833333333333334,0.766431924882629,1.5516667296890851
2026-06-26,69418,9903,87,13,13,6,0.46153846153846156,0.7588357588357588,1.4891952449424448
2026-06-27,69505,9916,113,16,16,5,0.3125,0.759020618556701,1.675533242116776
2026-06-28,69618,9932,88,12,12,4,0.3333333333333333,0.8157894736842105,1.5034484284806726
2026-06-29,69706,9944,232,33,33,13,0.3939393939393939,0.7482868889904066,1.6166572983214698
2026-06-30,69938,9977,333,48,48,19,0.3958333333333333,0.8017543859649123,1.4806541535419822
2026-07-01,70271,10025,570,83,83,37,0.4457831325301205,0.800252344078573,1.4664946608328453
2026-07-02,70841,10108,579,81,81,34,0.41975308641975306,0.7836531310426892,1.5573576164643672
2026-07-03,71420,10189,538,75,75,32,0.4266666666666667,0.8209359251259899,1.4435359876512912
2026-07-04,71958,10264,454,63,63,29,0.4603174603174603,0.824260138838144,1.4423939333879903
2026-07-05,72412,10327,590,83,83,37,0.4457831325301205,0.7911490683229814,1.51872713147127
2026-07-06,73002,10410,403,59,59,21,0.3559322033898305,0.7180725266062278,1.719632449012109
2026-07-07,73405,10469,206,31,31,12,0.3870967741935484,0.7428571428571429,1.5951720075856906
